#{"t_start": 1791455404.5232205, "env_id": "None"}
r,l,t
22.027208,82,1.83289
25.075989,206,2.199884
-19.556026,25,2.240804
21.126085,357,2.836783
26.981648,297,3.332552
20.442881,19,3.361238
-21.012432,361,3.951283
20.427254,41,4.010978
-18.507433,133,4.210346
-18.550084,122,4.390245
33.519626,900,6.222421
23.981093,145,6.455744
19.221375,304,6.944808
29.215877,420,7.614964
-15.042558,584,8.607736
30.845486,897,11.081623
-9.722884,2000,15.194227
25.747543,329,15.763165
26.660189,305,16.294258
31.582063,1047,18.624747
23.648933,348,19.242829
22.295359,66,19.356607
20.711435,255,19.798269
-21.267013,711,21.010146
-16.351959,224,26.814735
29.079181,405,28.202356
27.192609,930,29.905877
-18.888817,256,30.367469
-23.585442,2000,34.708885
29.505801,452,35.425643
24.551145,577,36.852583
-20.861652,277,37.318322
32.870197,593,38.285753
27.909688,333,38.921124
26.775284,565,40.449595
26.941909,841,42.064642
20.940847,365,42.718006
22.572049,99,42.88996
23.720273,194,43.216385
29.52674,476,44.515548
26.885139,274,45.053333
-8.73309,2000,54.885873
-18.728343,72,55.007347
-14.402446,382,55.702864
28.09786,416,56.419212
-9.634649,901,58.428727
-18.635537,40,58.49671
21.866496,243,58.966838
33.900852,501,59.826025
21.692303,122,60.0262
23.382379,127,60.237607
30.143885,466,61.051811
22.140053,74,61.16538
24.187375,597,62.814643
23.139289,99,63.010369
26.411152,394,63.77334
25.041013,194,64.139489
-14.218084,348,64.761419
24.60573,210,65.105791
31.049881,512,65.954049
-17.497423,149,66.586855
26.908422,707,67.745672
29.90592,544,68.691958
22.187947,74,68.873626
-15.608609,572,69.963279
21.521391,141,70.693784
20.09666,66,70.803688
24.91543,165,71.086712
26.985089,290,71.594361
-22.406793,333,72.132179
-18.271047,364,72.749026
31.284682,475,80.465136
28.016103,494,82.109257
27.819228,355,82.829135
-16.719086,243,83.295031
28.779196,413,84.063792
31.54569,479,84.888793
28.827719,591,86.397049
20.044319,137,86.685978
21.239305,53,86.787036
23.03226,121,87.019364
22.026709,67,87.140029
20.652022,764,88.795624
28.271906,364,89.589869
33.88516,482,90.924333
19.56857,114,91.139693
28.457834,357,91.774222
24.546153,273,92.229789
-18.985129,30,92.281594
-17.403393,135,92.524588
28.437678,330,93.089619
-22.677957,108,93.274282
-15.874622,555,94.359155
-20.594929,43,94.958053
21.251336,97,95.172663
24.226074,148,95.441249
-19.366503,67,95.546451
-18.369337,95,95.727087
-18.844717,2000,100.318645
-19.033781,448,101.280872
21.463131,86,101.437069
30.52717,840,109.833008
-19.843945,33,109.91675
-21.656555,327,110.980953
22.756689,366,111.6179
30.551633,815,113.181856
23.182161,127,113.40459
-16.445386,599,114.401367
-16.46237,404,115.645178
29.176666,739,116.930205
-18.578967,189,117.285162
-33.594753,1979,121.232803
26.165391,706,122.437721
23.493147,135,122.665238
22.748131,247,123.596489
27.223546,1389,126.315712
23.516954,202,126.759923
20.380403,85,126.941341
-18.356332,2000,141.628073
-18.580608,58,141.740048
23.396395,134,142.577204
27.500351,459,143.57532
26.114066,738,144.942022
-12.680493,2000,150.282317
-15.800801,409,151.218495
30.494128,488,153.27367
27.973999,887,155.873713
23.704846,308,156.694217
27.54726,229,157.304184
-11.627918,2000,162.909484
27.24814,402,163.884198
-19.823599,196,164.369314
24.542413,830,173.197541
21.746538,65,173.314124
25.819689,250,173.820846
21.522934,280,174.377213
22.367735,374,175.07478
27.045476,385,176.265324
22.26225,158,176.622407
30.973666,778,178.066577
26.290109,259,178.578694
29.087799,854,180.740057
-20.465628,143,181.02501
18.655582,217,181.463713
23.518361,277,181.960987
30.224065,511,182.914394
25.78587,235,183.365217
22.216294,185,183.702972
36.943863,1046,185.897854
-21.219664,77,186.012637
-19.43438,104,186.176939
29.228685,361,186.730084
25.073675,208,187.072324
-18.758452,92,187.242404
33.306997,557,188.182192
21.65812,105,188.807558
24.810288,208,189.208923
-17.346586,199,189.580493
24.587753,235,189.952341
26.38316,340,190.49596
21.168962,51,190.578462
25.519346,194,190.894369
30.132549,346,191.466664
25.175703,233,191.851022
-10.355944,2000,202.304438
21.67578,119,202.522411
28.552608,318,203.530141
30.752604,1118,205.423246
-14.6789,248,205.872844
23.607443,201,206.227125
26.437132,260,207.100057
24.173732,142,207.337877
21.643521,315,207.989785
-11.793778,556,209.089817
24.053418,172,209.38837
-15.249185,173,209.689991
23.147482,114,209.876698
20.995841,245,210.268913
27.129855,382,211.398854
-18.199613,124,211.619399
24.326563,267,212.112533
20.521553,255,212.522899
-20.228038,380,213.116751
20.428361,91,213.281301
-12.581087,2000,217.037578
19.215368,151,217.278193
23.472518,142,217.504914
-19.2235,188,217.834604
22.558474,89,217.997557
24.264543,285,218.466484
22.646521,498,227.660062
23.82799,209,228.026538
30.767741,679,229.233459
28.636695,412,229.941173
-19.084267,85,230.080909
-18.495259,191,230.408844
-17.711294,131,231.113517
22.00068,164,231.401585
-9.053566,2000,235.479796
26.091224,245,235.940297
29.257641,889,237.608852
21.747861,123,237.809402
22.767173,157,238.064918
-11.609571,822,240.164013
-19.030229,74,240.290138
20.942647,61,240.395298
21.66019,200,240.757239
28.019115,412,241.45111
20.494027,61,241.602628
-15.006135,2000,246.52915
24.765842,185,246.918543
-17.782633,105,247.099354
23.150439,181,247.39787
29.227166,482,259.908757
-19.730503,2000,263.735928
-16.176398,262,264.164021
24.198629,205,264.494667
22.668201,104,264.660215
19.985739,209,265.011111
26.983472,341,265.625809
-18.502318,382,266.270833
27.534122,737,267.929595
20.75907,28,267.980111
23.960472,165,268.255314
19.189305,236,268.641557
-17.465162,110,268.830331
26.133981,484,269.625496
26.34289,370,270.306633
32.439168,666,271.836749
-22.047285,729,273.074952
-16.720183,457,273.87283
-25.128104,1289,276.317341
22.878826,299,276.818974
-18.748894,117,277.009191
23.579269,125,277.210565
-19.59264,271,277.664642
-19.186151,100,277.839875
25.221501,235,286.245487
21.998633,330,287.194881
26.000082,322,287.743206
27.697509,300,288.249556
-21.89924,285,288.704268
-19.270458,420,289.377847
21.411626,1501,292.400206
-27.374668,1553,295.385116
28.283851,497,296.332187
24.447756,264,296.766312
26.152862,189,297.0786
-3.897593,2000,300.843903
-17.551178,2000,304.587211
22.461051,85,304.733816
26.512933,227,316.507065
17.165456,780,318.20649
22.849132,117,318.39885
20.540167,25,318.440651
24.865617,309,318.965474
-19.570416,52,319.053024
-13.641231,2000,323.060858
30.25928,422,323.796762
-19.457364,111,323.986239
26.888906,360,324.627556
-18.952679,2000,328.597528
27.607519,274,329.059396
25.071614,316,330.036283
25.439103,448,330.866891
-21.619122,333,331.461263
-30.521303,1335,334.170689
27.321958,546,335.013904
-19.793863,29,335.06553
25.662867,1218,345.077125
24.923196,182,345.856261
21.205877,1389,349.074798
25.719685,195,349.553038
31.178987,491,351.154034
29.143863,501,352.101997
26.363207,422,353.078658
22.216943,114,353.268887
21.556766,124,353.475619
-19.584513,2000,357.321395
27.370619,343,357.886672
28.260231,518,359.125063
-15.226356,524,359.944675
21.094464,38,360.005669
20.938004,54,360.102448
20.737844,30,360.150941
20.915695,56,360.239329
28.228881,456,360.965968
24.528954,134,361.195128
25.280722,245,361.585432
-18.433586,290,362.029056
24.904915,165,362.709789
21.27805,128,362.907513
-19.356081,44,362.973327
-16.622471,700,364.094869
28.101677,350,368.990927
-19.478005,186,369.351442
25.985962,288,369.990288
30.302693,395,371.159122
22.990381,1085,373.054598
-21.989461,297,373.601331
29.941196,351,374.202187
25.532663,295,375.267732
25.716777,346,375.894768
23.368706,137,376.142094
24.449681,194,376.507565
-21.137153,306,377.050675
31.578472,472,377.832297
26.687718,420,378.575463
-14.008911,2000,382.452709
-15.388644,795,384.194371
-17.991742,201,384.558808
20.757996,74,384.719235
23.530192,126,384.934521
22.402393,518,385.878743
23.796425,142,386.115084
26.004158,220,386.497094
21.203938,286,387.439182
26.075677,380,388.082278
26.597477,348,396.161331
24.954116,248,396.675951
27.133571,244,397.310148
28.482208,405,398.227309
-20.486234,2000,404.297469
20.901263,162,404.604835
20.996698,125,404.926242
23.925193,1364,407.996688
29.128591,301,408.542765
24.398957,254,408.997968
33.519775,622,410.56976
23.240311,216,410.944558
25.401925,335,411.57297
-13.522248,728,412.870772
31.615472,540,414.333662
25.442779,158,414.621051
-13.981495,367,415.63035
26.637606,356,416.550724
-20.263827,319,417.410852
-20.531559,70,417.602249
27.965483,433,418.762263
21.840426,1055,427.652146
19.489816,1184,430.41903
20.689083,35,430.485197
20.129787,78,430.637828
31.322396,448,431.435825
-30.480986,1912,435.138835
21.147463,38,435.201948
31.150207,932,436.956342
28.044496,552,437.886663
33.331403,575,439.282869
21.196749,119,439.483155
21.734079,240,439.876914
21.943309,67,439.994148
21.748892,221,440.369787
-18.072249,136,440.617144
24.996323,254,441.045379
-15.026542,698,442.678306
23.067739,816,444.053726
23.237099,115,444.254816
26.23047,239,444.746583
22.895237,159,445.022755
28.049967,242,445.419928
-18.358975,391,446.506572
33.063943,1340,454.219695
32.53708,599,455.674212
29.84803,340,456.280072
31.37296,328,456.844479
22.068689,280,457.334038
14.778415,1489,460.431076
24.569555,429,461.206146
28.963449,447,461.995954
27.079583,854,463.911629
-20.072555,44,463.995553
28.442046,451,464.781174
21.070536,191,465.106074
31.414389,650,466.263237
26.151882,680,467.867636
26.459168,454,468.624066
27.448483,367,469.222687
-18.89288,2000,480.184663
22.618704,156,480.482663
36.01476,756,481.795534
-18.551103,2000,485.5751
20.452114,17,485.604083
24.01649,305,486.17192
28.578844,415,487.293973
-18.820431,440,488.069582
-20.9163,172,488.373024
23.522639,150,488.634538
23.768739,122,488.843272
25.33094,203,489.19607
23.908466,128,489.415433
30.599661,416,490.171659
-18.54295,205,491.000262
26.591939,226,491.404736
28.279394,370,492.066667
26.662734,271,492.607036
21.855835,208,492.974569
27.074429,252,493.433214
21.680322,203,493.79188
33.684555,560,495.262282
29.164409,416,495.949847
25.628959,265,496.409872
-19.500813,53,496.495484
27.576588,615,497.528251
18.251108,272,508.114654
28.418512,272,508.977308
25.610997,386,509.604028
-16.192871,243,510.009547
30.867063,628,511.046851
25.917969,180,511.340622
-19.209322,321,511.855448
-20.315619,206,512.201639
33.446951,752,513.825926
-20.479483,2000,517.498883
21.477477,49,517.575212
25.809934,348,518.124601
-17.208434,122,518.31623
-21.757635,1172,520.654775
21.40453,43,520.72544
27.592656,469,521.494239
-16.633356,372,522.092524
-17.126099,225,522.478952
-19.454671,33,522.532462
20.293121,109,522.723333
21.869923,87,522.875851
-14.544652,398,523.914076
19.998734,82,524.047905
24.724311,293,524.518467
20.977339,61,524.617987
21.199715,267,525.08222
-15.645304,305,525.565289
-25.412089,744,533.349147
27.370487,384,534.467362
35.269184,660,535.659184
22.286887,115,535.847786
20.972506,137,536.091031
31.042856,385,536.738142
27.561119,469,537.533585
-17.07102,2000,541.802522
-19.712097,2000,545.573059
-15.936333,140,545.804884
22.294793,76,545.91853
25.250211,204,546.64367
-19.096802,94,546.818231
20.76595,63,546.918976
23.074765,151,547.158181
19.051243,183,547.460307
20.519866,28,547.505768
27.86853,666,548.712257
24.756366,317,549.354548
30.096113,700,550.859766
31.643378,593,551.83964
-14.993184,387,552.473207
20.851935,709,564.475181
28.712664,522,565.713973
-18.245826,2000,569.312619
22.705192,307,569.801874
24.02538,223,570.164534
-18.121458,298,570.648213
-9.501374,2000,574.274995
20.758011,28,574.318013
22.866125,85,574.457456
33.047811,422,575.134343
25.508089,208,575.463803
20.401642,15,575.488416
30.106374,1054,577.597389
22.338034,110,577.773427
28.817285,885,579.175848
33.899154,552,580.50256
25.408207,400,581.14446
27.108553,254,581.548738
-21.325961,566,588.197959
25.799181,642,589.63297
22.500846,254,590.036902
-19.640638,41,590.101626
27.806982,316,590.644852
23.33341,103,590.814383
26.861733,319,591.331132
26.491241,1279,593.79815
24.313594,262,594.221318
-19.817515,63,594.319101
-13.222717,454,595.096002
26.946205,326,595.632156
27.926163,302,596.112963
29.08423,362,597.137339
-21.130761,333,597.673648
-20.248074,2000,601.374653
25.706396,308,601.881257
31.979007,477,602.662686
22.647509,189,602.966552
20.328583,404,603.627885
29.092098,474,604.807328
24.085191,255,605.211918
-19.703324,68,605.319547
25.937249,324,610.962191
-19.695604,79,611.087054
21.592441,58,611.186541
26.523511,692,612.309715
17.390778,439,613.440206
30.230067,403,614.074731
20.092431,42,614.139887
28.926177,404,614.813623
20.493932,32,614.86522
-17.75973,91,615.059486
27.85144,286,615.567686
-20.481497,108,615.742674
27.116985,673,617.277513
-12.000785,491,618.073021
27.340097,259,618.482177
-22.977156,417,619.179555
-18.372707,113,619.362721
-7.798371,2000,622.997446
28.617188,454,623.735533
24.659402,320,624.632494
24.750823,144,624.862766
21.855114,128,625.063681
26.103461,233,625.472931
20.963288,45,625.542194
-20.54148,312,626.032095
25.256136,268,626.45454
21.423417,121,626.64972
29.461764,325,627.164328
23.250103,220,627.557946
-12.273803,2000,636.741813
20.49596,124,636.965173
-22.285118,328,638.003695
23.490185,394,638.862315
22.498064,88,638.989747
23.282496,325,639.475336
23.091943,382,640.115912
20.557002,447,640.888299
19.08247,279,641.745551
25.706085,275,642.171375
15.433541,1995,645.818497
-19.778803,40,645.893416
-20.526751,40,645.969823
27.657775,459,646.687899
-20.012241,191,647.000716
-16.516307,441,647.712988
31.377319,595,649.502167
-20.15596,42,649.629085
22.318936,683,651.143528
29.718859,712,652.332329
24.9176,191,652.628261
24.007854,239,653.073024
20.838321,28,653.131142
23.799372,184,653.95153
33.598859,647,664.891988
29.38822,440,665.602878
27.176648,278,666.063583
30.461485,575,667.44438
21.729027,365,668.006217
26.372721,303,668.494884
22.82013,356,669.060748
-20.320267,121,669.249754
23.372251,715,670.389344
-18.456545,57,670.499053
21.199783,222,671.323592
-18.120369,2000,674.984005
23.370507,296,675.486417
25.578225,494,676.309173
24.355789,248,676.711324
29.93531,487,677.496702
21.310246,141,677.752874
30.536475,625,679.131263
20.770909,68,679.243461
19.245422,1078,681.039552
24.785578,231,681.424538
-20.024939,51,681.511312
26.806406,472,694.393564
-34.007157,1703,697.329807
28.141912,503,698.656155
-16.643452,279,699.133881
24.928413,195,699.447724
-17.851065,576,700.396623
19.25604,463,701.182826
21.000526,33,701.248499
28.0102,463,702.47665
29.571613,1194,705.515316
-19.944726,35,705.599361
-15.515912,230,706.055198
23.71203,126,706.289685
20.435613,15,706.313655
24.601069,314,707.286843
-28.23232,1499,709.739418
-10.895921,807,711.486974
-18.71256,391,712.179226
28.071516,263,712.602844
27.091613,285,713.051903
21.818294,197,713.379101
21.893039,162,713.721493
-17.718168,2000,723.040566
29.776694,383,723.681306
25.771025,374,724.696103
21.741903,59,724.789542
-15.488758,309,725.349149
27.113518,737,726.567953
-18.130964,148,726.805843
-19.286113,152,727.056872
22.315744,126,727.275865
15.050309,1497,730.111026
24.691046,195,730.444483
28.188351,264,730.884241
20.298319,88,731.029177
31.4608,420,732.154024
34.322958,632,733.166814
-21.400425,661,734.24047
24.161002,175,734.515537
-18.365534,195,734.83465
24.553909,760,736.541536
24.137951,220,736.896301
21.760083,291,737.369178
-19.045229,41,737.433915
25.843943,203,737.752669
20.68566,40,737.815895
-20.485334,349,745.906846
-21.483035,200,746.216391
24.855128,265,747.073851
-10.349183,2000,750.724143
24.342635,227,751.09059
23.289826,395,751.708489
-18.882298,296,752.181241
25.542046,569,753.081344
30.994872,550,754.354338
28.679185,331,754.888046
21.545422,1137,756.720791
34.128081,494,757.94923
-20.937114,124,758.13824
20.32833,41,758.200512
29.772788,463,758.925557
22.283564,241,759.29105
-18.165665,320,759.802196
30.95781,327,760.307899
24.472698,181,760.594652
15.723448,1524,763.468834
29.999361,492,770.099406
21.02366,321,771.215347
20.795652,98,771.372321
21.284875,111,771.540153
31.463924,426,772.247204
-20.163147,98,772.397908
-14.256449,284,772.864255
-20.86835,279,773.317875
28.769738,708,774.396198
27.808889,433,775.612206
32.295224,528,776.439533
-19.257564,203,776.75908
20.39953,25,776.801052
24.5319,1075,778.907369
-18.364861,171,779.179879
21.228723,83,779.323615
23.280167,319,779.856929
21.773418,1574,782.705489
-20.888535,22,782.737342
25.672923,556,783.62554
22.916808,163,783.91412
-18.983793,60,784.023523
30.541646,547,785.000692
24.92985,291,785.496218
20.944646,795,787.270194
27.796162,428,788.014201
21.378262,713,796.071304
21.267952,41,796.147175
23.768746,142,796.405956
-17.792924,368,797.407587
19.669697,297,797.879577
21.372301,290,798.37435
24.213895,148,798.623018
22.394679,176,798.914715
-19.060211,262,799.490068
24.63209,201,799.841647
25.576165,222,800.186275
23.187983,415,801.246996
21.474056,354,801.854562
30.407173,516,802.654467
28.50196,269,803.052113
18.491122,264,803.480324
30.631051,473,804.599556
-22.792379,399,805.214501
24.256264,342,805.759859
-16.724961,580,806.669587
20.777198,259,807.059352
21.708599,417,808.130445
33.121245,360,808.677988
28.366086,308,809.151776
20.373474,125,809.340667
-11.609705,567,810.244531
-16.394296,304,810.717617
18.203006,272,811.131065
-18.26687,328,812.055635
28.738919,458,812.751316
-19.782446,259,813.147378
-18.730247,45,816.50061
20.435708,17,816.52929
24.44503,357,817.076981
26.549028,267,817.49464
-18.508404,148,817.724752
31.532687,511,818.923417
26.04071,322,819.420989
-10.404723,2000,823.046376
20.336135,99,823.200375
23.55134,165,823.454728
19.903142,113,823.629822
30.549661,611,824.57635
-10.119751,416,825.243299
21.039223,120,825.838685
24.643041,272,826.359586
27.568247,380,826.985447
24.657827,246,827.384573
29.573432,501,828.157479
21.676324,200,828.483234
29.336516,438,829.582507
-20.550617,2000,832.820407
30.939495,557,834.088714
25.907548,948,839.244392
-17.782692,191,839.536971
24.87113,265,839.970028
20.125485,96,840.126166
19.98632,64,840.624682
21.368393,291,841.107038
23.419892,424,841.766512
19.750817,294,842.250767
32.463105,423,842.912581
20.165236,1770,846.077786
-18.446661,94,846.246183
30.05018,770,847.943483
22.147276,156,848.184399
29.579659,672,849.256789
25.087926,292,849.711472
22.130909,163,849.963122
19.488236,488,850.732298
32.346785,393,851.820879
-19.750903,192,852.119017
-17.735036,270,852.54402
-14.642047,572,853.463038
-15.551558,2000,871.895855
25.245721,177,872.1807
30.856426,602,873.148055
-15.833433,341,874.088724
-16.848061,153,874.330401
26.297237,338,874.877365
16.691225,439,875.579032
30.552416,404,876.206145
20.735852,353,876.799861
-18.683265,2000,880.50091
21.336976,43,880.568494
26.082224,380,881.671265
22.820326,203,882.00896
20.446822,416,882.675752
-17.022677,184,882.963784
-20.02311,380,883.599905
31.503551,807,885.315478
27.250974,352,885.914138
-12.255874,375,886.542192
25.322125,333,887.069835
20.831898,23,887.106807
39.441556,751,888.413126
25.141466,549,898.268778
-4.502641,933,899.823641
27.427805,316,900.363653
-15.373949,223,900.750937
27.392367,360,901.728442
25.878216,808,903.054431
23.432483,477,903.812133
-19.579806,55,903.89787
23.284179,301,904.4122
23.233258,183,905.218779
21.901641,943,906.800037
-18.955358,39,906.860935
24.833764,308,907.375792
26.986047,331,907.909314
21.060386,41,907.973596
-10.982329,2000,911.778949
28.952426,559,913.12337
24.36689,289,913.593948
22.737509,384,914.209697
33.583622,920,915.7288
24.338326,610,921.930686
23.288964,171,922.211905
29.904587,607,923.200278
29.402774,679,924.260921
31.718016,861,926.151878
28.133269,587,927.117908
27.229702,342,927.663795
29.62095,427,928.336446
22.754704,359,929.351247
-18.339456,56,929.436697
28.111624,353,930.022177
32.747712,458,930.761449
33.605666,649,931.795707
26.202547,291,932.658554
-18.429152,186,932.982256
-16.119436,391,933.605288
-20.996747,22,933.637979
31.002331,448,934.327524
23.056157,265,934.764558
-22.676606,399,935.454231
-8.52519,2000,939.014132
-17.362883,384,948.538994
-18.355832,54,948.621757
28.463366,300,949.083281
27.586292,383,949.685856
20.257573,148,949.919492
27.864016,471,950.663508
20.659507,95,950.811128
24.411374,289,951.26338
24.347966,375,952.232848
21.242725,45,952.299045
-20.646209,166,952.571541
-19.396859,194,952.875333
29.393596,331,953.396179
20.133076,1316,955.903242
25.282309,206,956.217308
-18.880577,35,956.269773
20.910099,28,956.309671
-16.481707,362,956.891304
-18.349319,152,957.126765
23.792574,148,957.36623
-16.419911,225,957.728872
-18.288602,87,957.864605
25.141771,237,958.228268
27.247114,465,959.005097
21.540184,66,959.526052
-18.06584,176,959.804738
24.425898,384,960.387699
22.962965,259,960.79773
20.967927,362,961.373528
-18.581067,51,961.465503
27.319015,482,962.193203
25.951631,394,963.189126
35.075293,571,964.104321
29.494589,427,964.759229
23.121992,93,964.906904
-22.393328,2000,973.376496
23.098362,272,973.809513
23.179716,324,974.322677
24.617435,160,974.561912
-20.013699,137,974.774336
-27.703331,847,976.518118
23.930502,158,976.761709
34.908508,605,977.722425
-20.501622,766,979.323272
-15.516726,2000,982.860528
28.068607,1014,984.450445
31.09546,570,985.331592
33.417394,786,986.928015
28.127194,378,987.55303
26.76094,220,987.907632
-20.380056,371,992.422647
25.538362,1231,994.761924
-17.529647,218,995.137182
26.197846,343,995.676999
21.882348,86,995.830296
23.684318,139,996.049454
-22.048271,2000,999.666403
20.455015,229,1000.033356
-18.82508,365,1001.011247
29.170429,396,1001.637906
13.767249,1957,1005.19285
-19.784933,303,1005.662043
-14.319495,2000,1009.281552
28.278977,457,1010.076517
-7.488858,555,1024.481512
20.476945,100,1024.640073
32.189344,600,1026.011762
-16.471301,403,1026.660233
-18.678062,124,1026.859127
26.146045,268,1027.301768
21.324948,56,1027.389609
22.387011,102,1027.552593
20.472639,313,1028.056899
-19.279114,80,1028.185578
26.087029,241,1028.597845
21.839705,151,1028.842533
30.631315,829,1030.642142
-18.674862,572,1031.557618
-19.623835,132,1031.770812
25.041349,231,1032.135354
-16.844813,131,1032.339
24.474906,335,1033.319577
28.644871,576,1034.249616
-14.75125,343,1034.808536
32.54167,466,1035.569741
20.25427,80,1035.700511
21.004919,117,1035.897737
20.397824,33,1035.950216
28.532449,638,1037.402549
-19.282374,28,1037.448719
25.799219,325,1038.032918
15.970051,1203,1039.987944
24.753635,487,1041.164202
21.349027,278,1041.645592
-12.203046,588,1054.473315
-10.153539,2000,1058.356948
31.97181,563,1059.365676
32.408512,542,1060.750991
28.157958,447,1061.57567
-15.00001,273,1062.052919
25.190571,322,1062.602257
-20.022135,62,1062.701451
29.303776,922,1064.842013
22.773387,476,1065.879553
30.538897,912,1068.05973
-19.210629,611,1069.583024
21.262633,98,1069.745967
20.772961,87,1069.894833
26.991641,523,1070.757005
-19.077778,125,1070.955664
28.57471,492,1071.745261
25.461856,219,1072.121633
27.430985,1015,1074.12833
22.684687,197,1083.058785
33.010609,997,1084.656538
-18.916445,65,1084.762221
-16.29282,359,1085.744869
18.130029,250,1086.134129
22.090308,304,1086.635957
31.347969,405,1087.286793
-18.642322,430,1087.9475
28.872302,462,1089.078598
24.859832,433,1089.766546
34.385246,642,1090.766019
22.095932,157,1091.011361
-18.996242,359,1091.581762
23.477632,319,1092.075978
28.869355,434,1093.181241
26.353611,385,1093.805238
-22.142458,251,1094.197096
27.684593,587,1095.102895
25.986239,358,1095.643808
-19.305255,86,1095.793191
25.88969,312,1096.712326
-19.025705,334,1097.362602
-17.989995,186,1097.724159
21.756954,134,1098.00403
21.786048,66,1098.127573
-18.560377,87,1098.276971
34.700731,632,1099.294288
33.975851,619,1100.763285
24.745575,363,1107.451634
21.874379,519,1108.26128
22.714784,96,1108.409248
27.923447,396,1109.059401
32.471724,549,1110.285048
28.250573,1040,1111.923609
23.886439,290,1112.369871
-22.798754,216,1112.697039
23.767681,143,1112.918854
33.540962,579,1114.236382
22.052317,373,1114.826398
29.829186,337,1115.382387
24.286977,449,1116.079209
22.034506,159,1116.331803
22.568204,561,1117.603687
25.453779,303,1118.077846
26.180208,225,1118.429503
-18.826204,2000,1121.949701
25.39439,377,1122.529377
24.716538,243,1122.896498
-14.194255,2000,1133.336989
-18.532091,222,1133.699238
-17.855689,73,1133.818131
28.935414,825,1135.492396
-19.806669,46,1135.586101
29.95487,709,1136.716568
-21.71879,148,1136.95099
21.40599,69,1137.075907
20.82464,37,1137.133404
-16.860585,617,1138.189373
24.483202,897,1140.101727
29.89243,600,1141.140299
-19.389361,2000,1145.126817
18.535718,299,1145.632426
-17.75303,123,1145.870633
29.854792,727,1147.486898
-21.101192,2000,1160.628269
-16.243091,2000,1164.25819
28.046214,422,1164.939329
24.536001,243,1165.321329
-19.633823,99,1165.495186
21.75021,71,1165.610748
26.758154,235,1165.983524
29.399797,627,1166.965918
30.09529,443,1168.073079
28.599624,550,1168.958553
28.745668,333,1169.475971
23.783517,296,1169.956356
25.936699,265,1170.365827
-24.184197,883,1172.190566
24.890533,445,1172.900917
-20.786389,440,1173.592456
32.411732,521,1174.850854
30.361724,468,1175.584318
22.332846,84,1175.722378
-19.449649,36,1175.777563
23.083844,151,1176.028455
-20.838669,74,1176.149274
30.068373,353,1176.741897
32.497001,619,1181.599117
30.398805,388,1182.644975
21.301291,110,1182.849525
28.799931,476,1183.624179
32.69457,577,1184.535376
26.711114,288,1185.027694
20.935434,35,1185.086943
34.181256,972,1187.059358
-26.165213,2000,1190.671166
26.223909,758,1191.90671
-19.470898,74,1192.026094
19.676944,963,1194.01143
25.273809,1077,1195.748406
-19.111364,80,1195.895436
33.550728,593,1196.839075
27.607689,430,1197.939443
-16.248428,778,1199.218393
34.606782,480,1203.411059
26.364451,402,1204.510906
29.707757,500,1205.325616
24.121249,369,1205.921361
24.557679,242,1206.29593
-14.227706,334,1206.832079
25.08804,270,1207.255339
24.743588,1066,1209.398476
24.759837,266,1209.818871
30.836424,558,1210.691847
19.085025,298,1211.181089
24.137806,435,1212.290282
-8.311898,877,1213.731197
22.465315,222,1214.090459
25.56409,302,1214.563375
-19.244394,189,1214.857621
26.075549,253,1215.695437
26.118318,721,1216.818881
31.654572,429,1217.51535
34.095835,481,1218.312802
24.762947,237,1218.686321
-14.690938,543,1219.980241
-14.927535,281,1220.428909
-12.836658,2000,1228.908618
22.819968,122,1229.101907
29.463638,475,1229.857389
-15.820055,609,1230.825428
23.368627,310,1231.705169
21.682011,93,1231.855678
-20.097193,1125,1233.643833
23.066068,116,1233.828307
26.431552,255,1234.246845
20.591866,291,1234.704328
27.371439,233,1235.470967
-14.192919,702,1236.572252
19.091833,314,1237.061103
30.582732,861,1238.834677
30.052991,883,1240.223878
26.479466,356,1240.772706
23.851037,261,1241.172861
27.560956,839,1242.923339
-17.661259,119,1243.10538
-20.741993,956,1252.295406
23.611572,139,1252.538956
30.175998,665,1253.966139
26.237223,273,1254.396439
25.5237,212,1254.742147
24.806101,553,1255.581406
24.010904,300,1256.048373
28.239456,408,1256.677347
25.441435,588,1257.978047
-19.634785,36,1258.032519
21.912208,347,1258.583791
28.522793,446,1259.296732
23.795451,208,1259.615773
-16.830872,183,1259.902013
-17.413216,293,1260.347633
22.557885,82,1260.481091
27.557562,623,1261.853358
23.67881,146,1262.08163
-20.100255,249,1262.45513
28.735557,339,1262.997921
26.825248,435,1263.682413
-20.338918,57,1263.776516
-18.777637,172,1264.042883
27.851022,1592,1266.918708
24.622046,189,1267.205678
26.654745,393,1268.206077
22.290998,386,1268.827786
32.341827,612,1277.730756
26.378536,457,1278.451664
37.333192,685,1279.923768
-20.799338,2000,1283.434099
30.05516,375,1284.022892
22.855967,97,1284.171537
23.683288,296,1284.62669
24.456702,170,1284.885486
-16.344068,387,1285.513159
24.628339,298,1285.969312
19.74338,293,1286.41083
19.450102,406,1287.449497
-19.173902,2000,1290.975902
27.697587,305,1291.460936
-21.003252,632,1292.44673
-13.599977,2000,1307.969252
19.897607,269,1308.385709
28.202648,523,1309.226868
22.087248,369,1310.20738
20.706357,213,1310.537972
-19.403431,46,1310.61024
-18.215316,74,1310.723947
-17.530429,2000,1314.32405
-19.31267,850,1315.693031
-27.444374,1210,1318.084466
22.037842,349,1318.668512
-19.514707,265,1319.097561
-19.152707,243,1319.482584
25.918185,240,1319.892693
26.765505,324,1320.847903
21.117618,44,1320.917384
-18.998548,136,1321.128357
-14.564161,687,1322.221735
-17.597173,555,1323.085738
-20.827536,140,1323.299058
27.368675,280,1323.732427
22.955898,132,1323.953802
24.975267,196,1324.678446
23.292003,216,1332.358221
22.471292,217,1332.707867
20.831317,276,1333.164459
