#{"t_start": 1791188823.2592847, "env_id": "None"}
r,l,t
-30.317491,305,1.355266
29.553623,349,1.874089
25.314944,372,2.442802
27.370404,403,3.219476
24.508229,694,4.720784
-27.281542,542,5.563447
22.721308,154,5.79944
-25.37536,759,6.896973
-19.412094,37,6.952549
19.494573,150,7.20999
27.542421,271,8.121625
27.923735,483,9.58673
25.375586,279,10.048566
31.313815,568,11.040608
-23.472107,135,11.273437
-15.563098,444,11.963222
21.513236,531,13.202368
23.919224,151,13.417947
31.017024,460,14.126682
-19.781142,169,14.381727
28.586151,320,14.822134
-18.941816,740,16.292653
27.256682,271,16.686832
-22.28838,254,17.096004
-22.570549,656,18.098897
27.584332,305,18.75079
23.279473,148,19.012
15.702359,851,28.400664
21.915651,848,29.800905
19.539644,894,31.680026
-23.354998,410,32.349688
32.830808,688,33.365865
-18.055312,2000,36.846251
-10.886397,449,37.487542
20.107677,888,39.291542
18.665012,753,40.497106
34.928327,551,41.520053
31.967446,465,42.774563
31.488215,538,43.688296
31.204948,520,44.439537
31.558319,622,50.637122
25.387125,263,51.511213
-21.614821,783,52.739891
25.692205,296,53.226537
-27.292194,1356,55.847057
23.900382,655,56.877804
18.2398,873,58.89666
27.185783,311,59.46902
16.118223,472,60.254251
24.92774,1111,62.08136
-17.452266,2000,66.149378
27.872327,379,67.48694
-19.10882,694,68.979952
-23.851724,2000,88.536044
27.95181,302,89.157357
18.918344,202,89.502168
24.233135,181,89.792871
-19.958589,112,90.012335
-12.654288,2000,94.36979
19.947729,125,94.562038
21.626381,181,94.850537
25.955224,998,97.357909
16.234142,575,98.882895
-25.48713,2000,103.703178
20.083971,125,103.956262
31.487722,366,104.628763
-20.310506,2000,123.014455
21.690054,137,123.279305
25.29658,689,125.078447
13.08591,1064,127.340986
30.891673,377,128.589514
27.439804,239,129.088141
27.031403,682,130.439099
31.467497,465,131.374377
-20.399233,41,131.465462
30.294478,445,132.611521
-22.999543,75,132.826458
-15.505969,429,134.841377
26.242811,217,135.307421
23.215302,98,135.538717
-11.405457,409,136.457045
-14.449558,720,138.175383
34.246386,502,139.678491
-20.769958,822,141.271488
28.56764,362,141.978132
22.355359,983,144.463935
-11.101327,2000,163.835584
-20.798069,23,163.877206
29.543645,351,164.937135
31.580406,708,166.451753
-18.276771,2000,170.517036
30.326627,549,171.646191
-12.23038,2000,176.316906
33.020697,715,178.453332
-14.692413,237,179.01165
26.434195,260,179.554835
24.614317,872,181.195158
22.45044,255,182.234393
-23.713398,96,182.411852
-20.731877,331,183.071244
-20.601908,43,183.149584
24.685284,157,194.171322
13.206414,759,196.178069
32.372293,438,197.288
-19.257114,201,198.316072
-23.461719,106,198.524107
29.164585,504,199.469229
-16.891743,165,199.792933
18.865619,684,201.071728
25.294959,327,201.655405
-15.477109,211,202.598796
29.430505,843,204.503373
26.341473,198,204.933565
31.494269,450,205.817661
23.260122,128,206.065641
-14.661664,223,206.441106
28.530942,273,207.308934
28.109071,298,207.776562
21.002648,92,207.935818
-16.107806,205,208.270414
-22.891806,127,208.501147
25.984939,566,209.451396
-13.659198,244,209.841989
20.467259,829,211.686263
28.194191,269,212.0912
-23.883592,2000,230.360374
-17.533271,161,230.598065
27.233475,833,231.795225
24.527572,176,232.059418
23.736785,113,232.229204
-26.895841,313,233.141922
29.591617,586,233.981924
26.001281,738,235.219107
32.520379,598,236.588932
20.534384,34,236.640982
30.355087,602,237.590435
28.149481,384,238.181265
28.215522,705,239.316534
-26.529094,1244,241.845169
30.429316,511,242.675075
-25.002915,235,243.038566
26.647901,236,243.431284
22.735184,729,245.149725
22.664355,154,245.417024
-21.815893,109,245.606679
-25.349126,631,246.635242
11.970383,1089,263.750013
20.608248,98,263.910952
-11.254748,2000,267.246808
20.586139,23,267.28036
-24.867336,172,267.514049
-25.650107,139,267.699799
28.571658,420,268.272688
28.202312,589,269.101119
-18.397644,198,269.815
20.971798,840,270.998057
28.632139,368,271.515818
30.074856,392,272.063557
-17.204303,2000,275.29704
-9.457365,346,275.947871
19.38192,934,277.660481
13.507567,965,279.094091
22.689403,169,285.889035
-14.902137,243,286.498259
15.406379,808,289.089106
26.211366,366,290.422807
1.120367,2000,295.308084
30.454387,835,297.146503
23.047364,179,297.424747
21.507075,42,297.496036
12.910903,1072,299.053437
15.962952,831,301.078255
25.032497,993,302.667384
-27.385736,1081,304.664056
28.561942,678,305.711288
22.243685,116,305.953471
31.017987,392,306.869163
-17.970635,2000,314.733601
21.572218,842,316.545953
29.686498,465,317.3031
25.557609,512,318.085989
30.432509,686,319.154148
31.403222,507,320.359074
24.004274,127,320.540244
32.097737,694,321.621908
22.509271,71,321.741355
20.95486,38,321.7969
23.792191,375,322.365474
27.11248,348,322.884473
24.555959,207,323.639692
-20.524547,70,323.741837
30.488234,568,324.717759
22.400054,116,324.908276
26.900965,221,325.234039
-19.025109,73,325.3384
23.757491,198,325.637162
29.333337,881,327.42134
23.551372,210,327.741635
32.998311,520,328.556181
-15.690803,237,328.908361
24.120769,221,329.232468
30.751816,729,336.791021
22.063177,62,336.883548
13.588129,852,338.210383
18.017737,889,339.573501
20.298291,313,340.486521
21.084103,54,340.562854
19.510573,604,341.532261
-15.609359,2000,345.172187
31.26395,710,346.259527
23.755423,195,346.637713
20.675195,20,346.671141
-22.266292,825,348.54866
25.245956,656,349.617383
28.546297,516,350.488229
-15.750867,280,350.93827
23.496945,195,351.763298
-17.927594,183,352.041712
26.754205,641,353.420381
23.851159,805,362.790656
21.380418,780,364.456276
30.835726,614,365.399332
25.761985,775,366.603833
-28.702993,852,368.363103
32.521615,498,369.085061
24.447862,781,370.259252
-15.643323,226,371.022738
27.845144,513,371.780333
36.546137,702,372.810078
31.960281,548,373.610579
28.438543,820,375.274242
32.112593,689,376.281536
34.08012,649,377.225568
25.71418,194,377.958771
13.655384,877,379.333972
23.839417,1006,387.618406
23.009772,478,388.739708
19.189183,694,389.750502
33.639264,636,390.661005
24.974482,182,390.914192
24.493921,512,392.078706
28.751799,365,392.602901
21.881159,68,392.693893
-24.423122,827,393.884422
30.18624,556,395.135936
26.626731,254,395.499843
-20.877906,81,395.612667
23.591008,645,396.543892
-19.707975,423,397.161574
-12.857108,298,397.586015
37.135042,692,399.042351
25.164623,265,399.423602
20.952073,188,399.695259
26.888621,292,400.153346
21.381786,70,400.251933
36.823824,750,401.795785
-24.765573,2000,409.327052
13.981733,883,411.070489
25.622989,544,411.844758
17.873856,880,413.528681
31.831229,505,414.240956
28.265331,824,415.423616
29.688278,613,416.693344
-13.85087,241,417.050602
-16.575496,2000,420.338117
-33.267178,1397,422.276455
33.84954,539,423.488509
30.533541,617,432.419594
15.518124,1873,435.437957
27.25342,649,436.316845
22.104105,671,437.258934
28.693502,753,438.691943
31.899281,615,439.556208
30.291617,411,440.12356
29.031881,516,441.258958
21.00496,34,441.307423
22.564726,155,441.51826
17.997053,272,441.883385
22.658808,139,442.067792
28.609667,850,443.229482
33.843007,603,444.499095
14.542389,1016,445.984854
25.567626,1000,447.797189
28.962218,485,461.03072
32.366603,483,461.720885
30.62864,460,462.361096
22.180236,904,464.071145
25.296479,857,465.31238
25.78761,302,465.745776
-13.287493,295,466.197585
33.941501,697,467.751055
19.409849,774,468.818797
37.875446,704,469.865463
-19.225973,323,470.896547
24.429248,224,471.335554
-18.335002,2000,475.115679
-21.574946,2000,488.911826
21.040974,50,489.015263
-18.880932,389,489.651842
22.08281,84,489.789044
32.98739,492,490.571849
33.635338,535,491.44859
19.307427,776,493.122136
-32.475557,1697,496.439298
21.406819,60,496.533431
24.367607,228,496.886824
26.241167,553,497.777228
28.481569,573,498.711484
-23.434674,993,500.847284
-22.973698,622,501.830799
28.141428,282,502.284171
20.481843,52,502.365664
27.66691,708,503.886
20.024517,73,504.001461
-18.449277,2000,518.161765
-26.347365,293,518.722199
-22.55887,145,519.003346
19.960588,738,520.358614
17.460433,601,522.062798
-9.514062,2000,525.701583
28.727185,589,527.658443
20.486515,17,527.689043
25.267336,265,528.191531
20.864275,635,529.408329
28.657694,439,530.22841
30.923143,526,531.783965
23.394369,643,533.105803
-15.115225,459,533.900934
28.485539,356,534.478893
33.338971,506,535.841539
33.448724,536,536.730446
29.651352,553,537.668551
-21.358435,2000,550.55103
20.958116,53,550.636845
19.865823,1520,553.719068
30.714153,532,554.601317
-19.79123,2000,558.367798
28.332346,281,558.811849
28.511722,444,560.079778
30.115247,639,561.090368
-19.098059,434,561.823292
28.342177,303,562.342497
22.491057,203,562.670907
28.416808,759,564.486546
17.748706,736,565.735399
27.898565,363,575.332911
22.458891,742,577.072149
24.108334,556,577.964527
11.316191,1092,579.923793
25.733997,719,581.706616
-22.959867,2000,585.5685
23.417874,125,585.793715
-13.313769,278,586.319388
31.32437,501,587.157624
-14.058636,254,587.617091
20.772252,744,589.396388
25.919882,642,590.487842
-24.844585,444,591.26284
24.500179,213,591.628958
-32.060338,1272,594.361353
34.122821,528,607.959383
29.863655,533,608.929547
24.965897,194,609.88435
24.6369,206,610.24058
-18.877879,2000,614.473243
-19.088275,2000,618.609941
-10.298927,2000,622.766258
27.979509,442,623.538886
31.442467,610,624.685796
26.004655,583,625.753447
-21.625283,201,626.254313
15.246327,837,628.531273
23.893856,177,644.788796
24.129952,788,646.436344
-20.575405,2000,650.473876
28.582145,781,652.227446
18.734958,666,653.309915
21.749269,81,653.436687
22.125134,118,653.619557
32.67012,682,654.616004
-23.717585,666,656.224121
18.695882,906,657.640687
26.782788,764,659.277621
29.260572,834,660.570552
29.844099,580,661.61503
21.037514,522,662.953797
-13.422552,273,663.381053
29.385261,654,675.083313
23.364423,108,675.253864
-18.700763,301,675.733654
23.857415,213,676.060885
34.813896,767,677.732023
31.367635,513,678.509572
12.073812,941,679.899425
-16.396954,286,680.317416
-21.654762,1158,682.555466
25.019756,238,682.902695
-18.276494,141,683.114089
21.558008,971,685.008251
3.93852,2000,688.494177
33.941995,476,689.180302
26.363718,274,689.573667
27.453333,763,690.752352
30.096058,396,691.781575
-20.024601,347,699.153957
12.285334,842,700.401931
26.91855,689,701.877426
33.12294,538,702.67075
-15.699639,288,703.082097
22.983497,416,703.703472
28.878599,727,704.766076
28.237062,349,705.75764
-21.855773,217,706.077805
28.277493,374,706.648477
30.890003,486,707.354473
21.263104,528,708.149004
28.875673,728,709.72096
23.786098,122,709.908547
33.287724,460,710.593697
33.449303,696,711.624964
-20.643653,208,712.384171
-23.467059,818,713.578887
31.892913,495,714.299915
-22.658155,596,715.176004
27.182143,625,722.391205
29.261124,378,722.956246
22.041931,77,723.073402
20.005764,74,723.175107
28.530777,400,723.735155
32.234162,539,724.501969
27.950291,355,725.48444
14.724807,844,726.714269
33.063355,545,727.566551
-50.497157,1837,730.728263
-28.716815,324,731.241824
18.020297,513,732.474661
29.805898,443,733.117944
24.075767,898,734.480822
24.641561,175,734.738613
19.350349,817,736.435905
37.474611,653,737.388111
27.900366,717,742.151867
28.908369,606,744.006899
20.466358,74,744.166533
26.213508,443,745.161481
-20.673194,168,745.435208
26.559494,230,746.13623
21.877639,154,746.582205
24.979629,706,748.372449
-16.511538,472,749.112495
-22.218959,317,749.658883
-37.176665,572,750.639579
28.192604,498,751.855871
28.006845,409,752.47722
23.336665,167,752.720261
36.465307,524,753.500307
-17.124997,2000,757.009388
33.383631,458,757.691524
-26.920981,418,758.346186
30.451109,598,759.723618
20.256275,48,759.794186
-22.657753,420,760.529773
26.13555,200,760.871616
32.258967,667,769.491512
33.823671,510,770.725135
-23.906829,453,771.421424
32.697443,420,772.031605
11.761035,1711,775.073545
-24.314616,773,776.31473
-13.208784,269,776.750732
-15.62712,190,777.53208
-19.601213,220,777.861473
-12.242054,2000,781.649404
-26.443892,830,783.103493
-21.093364,349,783.85982
-24.472055,1201,788.272468
-17.643729,204,788.83856
-15.224529,218,789.369435
24.140117,212,790.105908
-12.606951,266,790.801383
27.379385,790,798.358905
-18.319771,298,798.907875
-32.192004,1394,801.205801
30.653954,753,802.976584
23.445858,426,803.677156
-16.719567,112,803.877625
-25.114798,1217,806.54354
-20.178651,357,807.155491
21.13177,46,807.243405
31.061986,420,808.104332
31.099039,641,809.172035
-27.110359,1257,811.872274
28.91769,297,812.364725
23.44227,104,812.562965
25.275881,261,813.040794
25.062946,905,815.132315
23.653031,813,821.567429
26.795515,305,822.076523
13.498675,890,824.236949
-7.698537,2000,828.113124
18.532853,215,828.474609
28.142072,308,828.985252
-17.867085,2000,833.020903
-13.480332,2000,836.901693
24.782867,190,837.205503
-25.470711,187,837.55585
28.652522,511,838.408204
-14.547447,173,838.715436
26.183024,677,840.372108
