#{"t_start": 1790765498.1336977, "env_id": "None"}
r,l,t
-10.051629,1000,4.759216
-10.201601,1000,7.868676
-9.019106,1000,11.634801
-10.652381,1000,16.758094
-4.502533,1000,20.970846
-8.994025,1000,24.04867
-11.926763,1000,27.098073
-8.418426,1000,29.540578
-23.261136,373,30.959149
-10.735166,1000,33.576276
-4.939504,1000,56.715035
-8.686862,1000,58.767531
-9.486045,1000,61.313592
-10.38389,1000,63.356763
-10.265892,1000,65.772934
-5.026899,1000,68.019233
-4.562936,1000,70.277514
-9.966913,1000,73.496774
-9.224009,1000,75.766312
-4.406221,1000,78.601914
-22.379987,451,79.547413
-9.701323,1000,105.667142
-13.370614,1000,108.988025
-5.592935,1000,112.977522
-26.191528,662,115.11691
-10.01123,1000,118.755875
-10.272352,1000,123.292392
-9.730329,1000,126.863413
-4.913761,1000,130.768253
-23.950657,662,132.653263
-13.463009,1000,136.612466
-3.490268,1000,160.979176
-4.69066,1000,164.101599
-0.271741,1000,166.302964
19.579183,940,169.054711
-9.795039,1000,171.285812
-3.263877,1000,173.970474
-22.224153,776,175.54959
-10.987618,1000,177.619575
-4.435025,1000,180.277231
-7.329663,1000,183.144639
-12.34487,1000,186.182458
-5.602892,1000,213.419647
-8.191178,1000,216.599923
-3.235095,1000,219.047174
-11.093905,1000,222.29267
-4.434124,1000,224.887181
-14.476915,1000,231.193536
-9.964645,1000,234.411669
-20.901353,341,235.909075
-15.612621,310,236.644886
-18.413524,361,237.538769
-3.139178,1000,239.874324
18.755995,291,242.007674
-7.252359,1000,268.857731
-14.253132,1000,271.567611
-7.601483,1000,274.64267
-11.805158,1000,276.983217
-15.725985,579,278.936031
-10.887507,1000,281.233038
20.12627,331,282.077749
-6.105876,1000,285.005445
-28.704992,746,286.695953
17.20247,684,288.844648
15.426293,590,290.203969
-9.728015,1000,292.522663
-11.696914,1000,312.051282
-8.41831,1000,314.584327
0.692396,1000,317.534346
-11.693044,1000,319.781813
-30.603786,779,322.116785
-14.227634,1000,324.228807
25.606075,825,326.415708
-5.097259,1000,328.809503
20.604507,194,329.276975
-9.830472,1000,332.893211
-28.255946,409,333.812476
-5.016876,1000,336.059324
-10.280982,1000,356.583741
-10.186356,1000,358.582134
-3.109048,1000,361.096744
-4.521699,1000,363.100702
-2.535123,1000,365.587454
-4.864741,1000,367.494751
-16.083421,716,369.409667
-11.495847,1000,371.351104
-22.166855,739,372.816458
2.349741,1000,375.298477
0.154696,1000,377.244915
-3.237989,1000,394.713422
-6.34971,1000,396.679887
-20.641336,911,398.960942
-3.942073,1000,400.88952
-15.46517,542,402.470614
-16.519355,449,403.395616
21.125104,791,404.882602
-5.945371,1000,407.395034
-11.901018,1000,409.328892
-37.653809,840,411.463281
23.684183,396,412.27065
20.586353,173,412.601408
21.618901,463,413.407445
-25.231686,298,413.945245
0.342785,1000,425.459418
-8.00633,1000,427.374553
-27.978655,290,427.916785
-1.527605,1000,430.352329
-15.768544,498,431.320004
-25.539681,622,432.509792
-25.538637,659,434.314592
-16.014841,315,434.930804
-18.677132,861,436.592593
24.542058,378,437.275688
2.45086,1000,439.599337
22.59191,194,439.972104
6.640759,1000,442.437434
23.284764,797,443.976108
21.521873,956,459.762327
16.457258,546,461.37656
-4.624065,1000,463.344753
-8.855249,1000,465.84657
-3.544172,1000,467.789283
5.266974,1000,470.234978
-6.617677,1000,472.141734
23.842225,704,473.366307
-8.881914,1000,475.710616
-0.604567,1000,477.57238
29.301485,626,479.234483
20.054553,622,480.393855
22.540354,232,480.80314
-13.2444,1000,493.160218
-4.012147,1000,495.006057
-21.099233,318,495.585189
-2.643133,1000,498.000878
20.510114,36,498.068117
26.690039,968,499.883393
-5.682161,1000,502.362125
-16.904984,863,503.889638
-4.908426,1000,506.223513
-5.293799,1000,508.199694
-16.273374,1000,510.681064
-18.188824,494,511.607836
-23.366166,523,523.640813
20.502824,370,524.605887
-3.3936,1000,528.129899
-21.080645,938,530.292574
-11.472137,1000,532.828737
18.608919,298,533.359331
-24.633602,373,534.041988
20.549693,26,534.088201
-33.056008,592,535.22833
-32.42729,426,536.60937
-1.671997,1000,538.830117
-0.866801,1000,541.262069
-16.594339,428,542.103082
-24.809643,729,543.509651
22.328645,999,545.854825
3.730379,1000,555.833318
-26.679216,628,557.843282
-17.98723,812,561.402269
-10.750969,1000,563.723052
16.417774,674,565.582579
-22.9893,466,566.498845
-20.533382,785,567.983208
-27.102297,434,568.790667
26.799969,307,569.879298
-20.490681,970,571.798405
-17.438062,891,574.021134
19.792012,504,575.034064
21.296213,63,575.152063
18.309941,533,576.156202
-11.697295,1000,578.577222
-10.138521,1000,589.781576
-25.884816,758,591.471121
-19.700783,876,593.829817
16.495107,692,595.305158
28.005002,694,597.389227
-26.66543,847,599.276364
-20.018371,775,600.919263
-3.887427,1000,603.699493
-22.532998,567,604.948845
-7.031271,1000,607.638994
-1.590433,1000,609.764107
22.147414,312,610.391792
-18.397279,529,611.48376
-30.885356,586,622.677472
20.805671,53,622.782547
-26.146223,986,624.777607
-10.559308,1000,627.419863
24.455834,218,628.013327
-24.83855,361,628.872516
-2.788525,1000,631.574621
22.252502,131,631.85836
24.085105,502,632.979036
-31.791032,395,634.057544
22.715601,303,634.908383
-15.889963,995,637.769278
20.411237,524,638.895138
-3.808297,1000,640.859048
-17.556193,283,641.924877
22.831553,350,642.708808
-21.79691,685,644.107626
21.788023,89,644.296413
-36.788536,978,646.953862
22.005747,490,657.794542
-27.159626,687,659.224511
17.1875,443,660.09888
-27.720223,835,662.419252
-20.60422,553,663.591845
-3.619546,1000,666.170869
21.569906,414,667.063499
20.313749,56,667.193405
-21.442257,542,668.33161
-10.149414,1000,670.353679
-7.932609,1000,672.951462
-3.043219,1000,675.07393
20.440397,500,676.71136
-20.823116,297,677.360147
-5.073789,1000,679.575169
-8.862005,1000,695.489397
-10.20616,1000,697.822105
-24.696577,906,700.450414
-5.319809,1000,702.443747
-27.314309,596,704.065893
-2.624448,1000,706.084473
-8.803967,1000,708.613921
-22.254366,878,710.464341
-23.164518,478,711.449604
2.205272,1000,714.159644
-21.115927,757,715.655056
-6.874232,1000,733.891152
-1.316776,1000,736.161941
-17.965723,909,738.059276
24.396144,325,739.359939
-16.825853,1000,741.500815
-9.86225,1000,744.24248
-39.47349,998,746.918477
-5.29015,1000,749.939223
-19.470001,639,751.409441
-11.111918,1000,753.847043
-11.789805,1000,756.794035
-8.309781,1000,772.176578
21.433375,113,772.447721
-19.822601,495,774.108587
-10.461496,1000,776.240901
24.353314,482,777.318823
24.394841,216,777.776683
-19.474232,442,779.478364
-5.46228,1000,781.70655
-3.632509,1000,784.509653
-2.255516,1000,786.835443
21.158791,666,788.321496
19.160462,367,789.74312
20.849154,897,791.658794
21.351076,73,791.83505
-23.170032,236,792.376202
18.454258,294,793.039208
20.128404,268,794.191851
-6.163181,1000,796.462517
-26.182392,443,808.725275
-4.204022,1000,811.703982
27.678027,883,814.208944
-23.142096,220,814.698143
26.003076,637,816.828772
-16.106501,640,818.368962
-11.579423,1000,820.589997
-9.330695,1000,823.394524
-17.866345,256,823.903824
-10.501836,1000,825.9909
-9.598745,1000,829.75503
-8.90702,1000,831.962093
-4.368384,1000,834.792573
-2.030702,1000,853.024039
-7.53329,1000,855.828996
-3.634546,1000,857.90767
20.56141,79,858.068088
-15.520608,1000,860.698915
-35.957843,835,862.426242
22.782799,127,862.683725
-4.154554,1000,865.407334
31.810323,806,867.060029
20.960924,375,867.850123
-8.294421,1000,870.609379
28.48918,532,871.660924
-18.487245,399,872.462975
-17.750863,608,874.306581
-20.906554,470,885.475599
-8.255126,1000,887.554625
24.866202,395,888.910167
29.776727,553,890.02195
-7.279765,1000,892.198699
-7.947949,1000,895.068113
1.318745,1000,897.12442
-26.836958,864,899.399261
20.938804,572,900.52438
-12.287816,1000,903.293883
-27.470648,571,904.668166
20.454743,108,904.936986
-19.35063,437,905.954279
21.986446,94,906.160779
-14.781158,548,907.356465
-16.268145,317,908.737839
24.943872,213,909.261306
-8.27405,1000,924.654057
21.151993,85,924.895359
-19.659629,35,924.998249
-9.150544,1000,928.97438
28.050096,616,930.822822
-19.387035,554,932.50898
-8.448933,1000,935.798167
25.921354,504,937.033999
16.733802,427,938.091916
-20.863398,577,939.615829
19.829834,93,940.684611
-21.417395,574,942.123446
-27.393996,249,942.743641
-27.439378,361,943.592387
21.207957,613,944.96476
14.140047,932,947.598485
-24.989119,541,948.707888
-19.631733,203,949.104039
20.437338,21,949.144411
-16.46191,352,949.847731
-6.479253,1000,960.323331
28.762237,428,961.185961
-23.69789,827,963.19378
-22.444351,372,963.911004
28.893254,507,964.881027
-17.81066,307,965.457796
-16.738341,484,966.342572
-15.271935,803,968.355326
-3.455076,1000,970.246565
-29.304227,465,971.134836
20.776564,71,971.27382
-14.297139,692,973.161784
-19.362326,314,973.757811
-13.670845,1000,975.606109
-17.035486,368,976.828181
28.297928,466,977.715478
-7.889207,1000,979.576319
-18.355853,225,979.975676
26.307222,506,988.156996
23.118922,140,988.396524
-6.094867,1000,990.111825
16.869362,824,991.908784
-19.361442,280,992.390882
-9.705056,1000,994.095457
-22.611517,479,995.270708
-14.739144,1000,997.023638
-19.418503,300,997.501056
-25.454429,417,998.226861
22.94571,172,998.504519
27.19362,775,1000.256701
27.96838,836,1001.597533
-8.368835,1000,1003.665695
-11.826947,1000,1005.32935
-19.451372,446,1006.050098
-26.449445,785,1012.697271
23.323811,330,1013.273813
-9.89197,1000,1014.856942
1.449674,1000,1016.919006
3.197777,1000,1018.598891
24.390601,252,1019.445719
24.103364,260,1019.883246
-22.836268,131,1020.113466
-22.475147,862,1021.485336
-20.03988,120,1021.68129
-19.787762,335,1022.227047
-17.954812,478,1023.414356
-9.399456,1000,1025.079312
-29.223449,791,1026.353525
-30.030448,797,1028.093257
16.858259,880,1029.51016
-8.966194,1000,1041.439004
-19.376992,1000,1043.062952
-3.192738,1000,1045.220221
-12.529985,1000,1046.881835
20.727251,183,1047.174202
22.065684,124,1047.369402
-0.906312,1000,1049.500214
-8.131103,1000,1051.157533
-9.131208,1000,1053.308781
0.88632,1000,1055.00077
-10.104372,1000,1057.138701
-6.479614,1000,1069.864528
-9.934716,1000,1072.032615
-0.835881,1000,1073.689124
-8.808456,1000,1075.802883
22.556371,189,1076.120646
25.140468,347,1076.691885
-12.947213,1000,1078.753811
-11.762628,1000,1080.489571
-9.513935,1000,1082.610188
-34.106704,900,1084.21757
-9.76456,1000,1085.892228
-9.161188,1000,1088.123713
21.815065,558,1100.99121
-13.38896,1000,1103.242071
-6.533297,1000,1104.993026
-3.799396,1000,1107.164325
-5.560973,1000,1108.932597
-19.893597,588,1109.890553
0.727848,1000,1112.12207
-6.101323,1000,1113.842557
-8.904807,1000,1116.154654
18.885474,182,1116.466633
1.302986,1000,1118.642359
-7.904018,1000,1130.721877
22.127562,990,1132.433099
-10.461624,1000,1134.566987
-9.569801,1000,1136.297689
-9.111103,1000,1138.651519
21.793479,243,1139.105861
-4.950103,1000,1141.172192
-7.791417,1000,1142.833975
-24.799835,319,1143.38458
27.896309,826,1145.13114
23.034488,197,1145.47804
-6.465681,1000,1147.263987
4.69582,1000,1149.32955
-27.275841,853,1164.710019
4.014947,1000,1166.823284
26.856161,998,1168.587687
23.598428,523,1169.607366
0.77159,1000,1171.744262
-11.311856,1000,1173.386744
21.83081,98,1173.547745
-20.634974,112,1173.74028
-8.789758,1000,1175.847168
-8.784331,1000,1177.403079
24.87056,664,1178.902813
21.244009,191,1179.222348
-21.957162,101,1179.381104
-16.806093,1000,1180.983698
-15.660398,1000,1195.272403
-12.879342,1000,1196.93147
-9.610275,1000,1199.03975
-26.381937,505,1199.847834
23.204584,319,1200.361802
22.407274,510,1201.186535
-7.717165,1000,1203.314375
-8.259034,1000,1204.9262
-5.978071,1000,1207.070248
-8.94101,1000,1208.693957
-8.211061,1000,1210.809361
-9.601866,1000,1212.469181
-5.713106,1000,1226.323781
20.932116,249,1226.75205
-10.39319,1000,1228.371923
-7.50688,1000,1230.448513
-5.979117,1000,1232.051031
-12.309545,1000,1234.128482
-6.021631,1000,1235.680371
-11.87227,1000,1237.763207
-11.355745,1000,1239.32907
-5.050418,1000,1241.36979
21.43887,637,1242.367353
-4.816846,1000,1254.560475
-21.021603,43,1254.632707
-0.891819,1000,1256.287875
17.303605,343,1256.815919
-10.147612,1000,1258.86804
-20.767822,241,1259.245935
-3.060838,1000,1260.8483
-5.316275,1000,1262.953817
-9.120532,1000,1264.617596
-8.078613,1000,1266.70917
19.756981,912,1268.165755
-7.501611,1000,1270.252328
-3.65752,1000,1271.843132
1.787162,1000,1283.849662
22.27355,409,1284.54684
-7.626295,1000,1286.618037
-24.636076,712,1287.837183
-9.279682,1000,1289.516077
1.335239,1000,1291.66105
-5.261392,1000,1293.306209
25.115226,609,1294.744416
21.992823,426,1295.463826
27.399046,326,1295.97917
-7.902084,1000,1297.659955
-9.562179,1000,1299.737795
-23.446666,536,1300.570322
28.264284,992,1310.900057
-10.076883,1000,1312.576002
-17.235544,312,1313.115114
-2.210437,1000,1315.243945
-10.139306,1000,1316.830947
19.886842,171,1317.117037
-19.937398,150,1317.357383
29.007788,851,1319.183151
-8.171649,1000,1320.771102
27.319393,457,1321.898681
22.550614,193,1322.22175
-8.897327,1000,1323.852507
24.804978,932,1325.739672
23.645562,813,1327.02597
-15.826814,262,1337.436425
13.176397,922,1339.372957
-9.346348,1000,1340.992945
19.244199,143,1341.211154
-15.75458,317,1341.718903
-10.709147,1000,1343.796264
-5.074582,1000,1345.354507
-9.774618,1000,1347.389718
-19.956703,1000,1348.987564
-14.264278,773,1350.621775
28.217023,529,1351.501185
26.289674,666,1352.557683
2.856431,1000,1354.652894
-17.829546,332,1355.171883
1.141438,1000,1365.174006
-2.048679,1000,1367.484349
7.605927,1000,1369.17732
25.069707,603,1370.583475
-9.625211,1000,1372.182417
-1.056003,1000,1374.218832
-10.497302,1000,1375.916387
20.720059,170,1376.186373
22.432543,365,1376.769762
-24.458643,938,1378.765352
22.293473,438,1379.486449
25.585423,247,1379.891304
-10.073256,1000,1381.952258
-15.359737,522,1391.220263
-27.467976,604,1392.344018
24.811933,698,1393.946286
24.386753,207,1394.29561
29.823151,535,1395.225684
-9.725128,1000,1396.919394
24.589169,418,1398.048965
26.664573,375,1398.766955
20.833822,776,1400.131044
21.432822,309,1400.661759
26.332737,504,1402.021634
23.458591,848,1403.606086
-16.183862,1000,1405.370732
-7.289766,1000,1407.66309
23.742348,622,1408.752244
18.890255,381,1409.417733
21.813478,536,1410.886821
-10.966685,1000,1418.7035
27.551982,704,1420.364908
-20.851795,241,1420.871664
-2.276608,1000,1422.611651
21.85555,669,1423.82582
20.389588,29,1424.331975
-18.792023,238,1424.786147
-22.172524,88,1424.957342
-3.058542,1000,1426.763197
-9.493086,1000,1429.042026
21.574332,153,1429.339426
-16.062532,662,1430.533929
26.802638,431,1431.289044
25.877148,621,1432.888145
21.407007,297,1433.467959
-17.858992,991,1435.268724
22.483622,96,1435.432685
-20.548471,474,1436.302281
21.786762,66,1436.419844
22.561731,126,1437.123045
-17.252844,592,1444.109422
22.128353,205,1444.500274
-17.189961,444,1445.334236
28.809698,618,1446.440267
-14.701327,574,1447.951338
-20.169287,249,1448.386698
-24.708977,929,1450.01626
21.846881,104,1450.193286
-1.845212,1000,1452.458626
13.72137,820,1453.944776
-14.485718,694,1455.655821
-23.314067,847,1457.222312
-25.660812,784,1458.681561
-22.702816,884,1460.820934
-29.486498,420,1461.566343
-22.444504,78,1461.699546
-19.191845,633,1462.844939
-6.937989,1000,1472.397991
21.648077,112,1472.61395
21.959229,260,1473.131314
-26.390159,530,1474.105286
25.007702,376,1474.782173
23.975612,578,1476.401803
-20.733715,167,1476.698314
24.522719,422,1477.488402
22.183671,81,1477.639529
-36.435568,885,1479.877995
-19.537011,546,1480.8795
-22.570497,923,1482.546639
32.660336,906,1484.682567
0.799613,1000,1486.527765
23.799544,365,1487.203074
27.555224,644,1488.943447
-0.592238,1000,1490.805207
-21.701119,531,1491.777297
-20.505557,134,1498.195788
-19.321623,239,1499.075028
28.028817,465,1500.003366
-6.376581,1000,1501.859987
27.456451,419,1503.061882
-1.583301,1000,1504.938381
25.77121,370,1505.58832
22.259868,283,1506.132106
4.675493,1000,1508.54042
20.69369,32,1508.596519
-20.281487,143,1508.857388
-17.007996,1000,1510.683604
-8.876306,1000,1512.96879
24.54782,320,1513.483017
22.630353,599,1514.492774
28.483704,530,1515.828117
21.340767,60,1515.936088
-10.031247,1000,1517.706364
27.187615,446,1518.538231
22.825664,802,1529.939469
-18.911178,934,1531.66399
31.151135,643,1532.864766
-18.141299,482,1534.247681
-6.907973,1000,1536.114163
28.458017,592,1537.201907
26.924826,694,1538.989887
22.701284,340,1539.620877
28.738868,499,1540.516667
-5.90032,1000,1542.999465
-19.7057,693,1544.261073
22.61814,342,1544.867342
24.948037,259,1545.371079
-10.191357,1000,1547.660684
-18.730967,664,1548.814718
20.833983,178,1562.072986
21.405893,841,1564.152553
-24.338723,454,1564.956809
28.27222,474,1565.744515
-22.619147,521,1566.643405
22.368099,90,1566.797216
15.818806,641,1568.432321
1.759668,1000,1570.205003
18.899954,487,1571.029882
-5.005355,1000,1573.373553
24.471606,259,1573.852708
26.252462,422,1574.598809
20.132201,292,1575.106814
-3.74059,1000,1577.317759
23.777482,510,1578.222687
-6.414914,1000,1580.465016
-5.515091,1000,1595.218151
-8.153967,1000,1597.492581
23.178893,380,1598.18874
-2.264906,1000,1600.014997
20.824657,142,1600.279028
-6.340253,1000,1602.637732
22.214908,124,1602.854397
-7.670558,1000,1604.571256
22.177681,984,1606.8922
-3.360306,1000,1608.683976
16.485128,727,1610.477821
-10.114029,1000,1612.304705
28.297574,785,1614.226595
15.679473,680,1615.517003
-5.625747,1000,1624.158948
21.046509,113,1624.363801
22.656759,137,1625.083891
-6.788384,1000,1626.991066
22.619161,552,1628.017021
-20.516526,514,1629.483863
21.228397,352,1630.157444
-4.050215,1000,1631.988984
20.48522,358,1632.634758
-19.196589,433,1633.904215
22.604475,286,1634.439579
19.910957,138,1634.709602
-13.556551,1000,1636.512584
-8.600845,1000,1638.851778
-2.09411,1000,1640.722653
23.639106,849,1642.816561
0.791649,1000,1658.532008
24.898408,192,1658.949971
-3.592343,1000,1661.572878
18.235352,227,1662.035443
19.987518,667,1663.408641
-1.426149,1000,1665.970336
18.92126,429,1666.862178
30.342686,545,1667.977575
-9.469303,1000,1670.497302
-4.999896,1000,1672.389788
-22.472466,440,1673.211995
-8.457951,1000,1675.628749
-3.523252,1000,1677.482415
27.412671,362,1678.632846
24.606207,184,1679.010616
-9.836499,1000,1693.686577
30.18445,881,1695.917971
28.841853,737,1697.326246
24.821795,233,1697.770301
-5.131835,1000,1699.634927
20.566864,113,1700.306218
-26.496514,471,1701.199291
19.024086,181,1701.53937
19.690369,483,1702.420289
25.885003,422,1703.203471
22.553103,177,1703.549189
25.121562,259,1704.524452
28.68903,804,1706.073523
-11.869817,1000,1707.89449
-10.251168,1000,1710.256942
-5.743418,1000,1712.095819
-11.013231,1000,1727.832964
-12.619896,1000,1729.692162
22.543947,208,1730.05918
12.331883,906,1732.612225
-8.511705,1000,1735.035797
-21.084789,486,1736.59417
27.665788,279,1737.17239
19.911205,682,1738.407457
-10.209875,1000,1740.717294
-26.411079,426,1741.490517
20.027962,121,1741.704332
-9.605132,1000,1743.491566
-20.09952,215,1743.864669
30.92267,484,1745.209838
24.513019,237,1745.641304
-8.330322,1000,1747.440784
-0.910232,1000,1761.191111
-5.626116,1000,1762.993877
19.649271,581,1764.531743
-6.841966,1000,1766.412203
21.135662,48,1766.495333
22.807178,215,1766.857602
22.267202,204,1767.204429
-6.629972,1000,1769.427889
-19.218275,81,1769.58406
-8.237697,1000,1771.315002
25.775993,287,1771.900072
19.822429,94,1772.064232
-13.723556,455,1773.370944
-5.849325,1000,1775.175806
-25.591589,543,1776.135274
25.972189,267,1777.071588
-3.439687,1000,1778.918345
-0.704,1000,1792.388811
-17.576152,153,1792.681404
25.368528,381,1793.37518
-4.626014,1000,1795.198399
-27.699886,721,1796.959029
26.88807,275,1797.457134
20.736047,36,1797.526255
-26.631215,238,1797.939121
-1.983457,1000,1799.71747
-8.261438,1000,1802.04202
-12.889966,1000,1803.928224
-15.32444,410,1805.132885
25.508253,200,1805.520308
-0.397268,1000,1807.328741
-4.758001,1000,1809.609832
-14.041442,1000,1811.426285
-7.959748,1000,1821.714684
-19.373436,79,1821.865927
19.076299,316,1822.462743
20.363985,385,1823.205168
25.420715,443,1824.047555
-0.382229,1000,1826.422964
-9.14217,1000,1828.280378
24.579256,917,1830.458098
14.742338,648,1831.735912
-28.730651,749,1833.148885
-11.929801,1000,1835.582042
-4.362933,1000,1837.501929
-3.765966,1000,1839.870117
21.106152,189,1840.232275
23.147282,304,1840.785109
24.331672,850,1854.985505
28.964098,708,1856.886273
0.915015,1000,1858.755602
-12.959751,1000,1861.146514
-10.032236,1000,1863.520782
22.064584,98,1863.829416
1.979381,1000,1867.722442
-20.048333,566,1869.096483
-19.128209,514,1870.312965
-20.608765,733,1872.204686
-10.744207,1000,1874.071317
-8.931172,1000,1876.34956
17.459162,479,1877.222214
22.222082,106,1877.418559
-7.839419,1000,1885.690856
24.067406,187,1886.466162
19.989893,164,1886.751798
21.731787,71,1886.885451
19.191446,139,1887.133763
30.868706,828,1888.550468
21.167497,787,1889.89283
24.384372,253,1890.858899
-0.536774,1000,1892.662244
-3.050593,1000,1894.871659
-9.669161,1000,1896.639292
-10.517924,1000,1898.767596
20.46734,433,1899.582261
-19.468912,270,1900.04656
-19.623256,54,1900.14063
22.332581,300,1900.650232
21.58503,420,1901.380885
19.725276,155,1901.704791
-20.103857,26,1901.760362
-10.819229,1000,1904.704185
29.77611,575,1914.249203
28.603341,720,1915.46544
29.490966,837,1917.301156
-12.575357,660,1918.343612
24.295175,147,1918.578208
27.214,376,1919.190634
19.351535,743,1920.858797
-13.524122,1000,1922.47031
20.421935,178,1922.751415
-9.547315,1000,1924.88816
-6.044928,1000,1926.507151
-13.477779,1000,1928.60014
24.662663,137,1928.811767
21.35706,221,1929.165267
-11.732736,1000,1931.244447
27.622204,505,1932.141401
17.287047,617,1943.947883
-8.394713,1000,1946.084061
21.735272,184,1946.416817
26.227633,507,1947.282741
-17.086113,791,1948.562096
-11.73841,1000,1950.70262
14.957275,606,1951.690381
28.35451,533,1952.610363
13.040155,771,1954.347336
-18.496716,200,1954.705263
-11.722247,1000,1956.329277
21.329002,118,1956.527141
-23.500136,431,1957.618037
-13.265713,1000,1959.30272
-17.356632,326,1959.820815
23.500663,371,1960.433549
25.784217,647,1973.260411
26.106477,634,1974.347035
20.284014,110,1974.538288
-17.807537,314,1975.057093
23.554396,252,1975.490087
27.392542,789,1977.189383
-6.941494,1000,1978.791192
20.626035,32,1978.842424
23.453813,367,1979.453441
21.535241,72,1979.562934
22.562117,137,1980.20522
25.034494,187,1980.528245
-6.947601,1000,1982.177217
23.147306,281,1982.628942
-10.045135,1000,1984.713796
-6.316893,1000,1986.474669
20.463195,491,1987.284747
-14.171529,1000,1989.367452
-6.828751,1000,1990.987798
-9.713082,1000,2005.071823
-10.181423,1000,2006.677454
-6.627339,1000,2008.671804
21.557709,140,2008.886268
22.08005,225,2009.230691
-7.944479,1000,2011.214361
20.472961,25,2011.254571
28.841482,679,2012.440495
-27.207688,661,2013.522725
-6.619541,1000,2015.578419
24.121038,152,2015.827109
21.371551,118,2016.052125
28.391644,397,2016.689093
-9.731842,1000,2018.656213
-7.371564,1000,2020.322663
23.350962,935,2033.425952
-8.517272,1000,2035.539596
22.759208,150,2035.778086
-8.927761,1000,2037.818961
-10.322668,1000,2039.489718
21.849192,80,2039.62535
19.439621,612,2040.767235
-10.828546,1000,2043.095076
-8.797484,1000,2044.727465
-8.813082,1000,2046.850242
19.944143,377,2047.476383
22.901027,271,2047.902494
-8.078608,1000,2049.953692
-10.38666,1000,2051.621415
25.821359,837,2065.567984
-8.877866,1000,2067.255478
-8.65381,1000,2069.325375
24.300281,270,2069.797916
19.611547,199,2070.152535
25.477445,200,2070.506834
23.386739,179,2070.826892
-11.98833,1000,2072.511292
-4.393041,1000,2074.709353
22.108195,205,2075.048993
20.678998,23,2075.093807
-2.503305,1000,2076.769099
-5.919855,1000,2078.964253
-11.803873,1000,2080.723739
-7.959309,1000,2082.898653
-21.48714,33,2082.951142
23.575539,498,2083.809763
-8.611835,1000,2097.084933
-4.079797,1000,2098.729904
22.599085,81,2098.864439
-10.315767,1000,2100.999223
-17.917085,265,2101.469331
-4.108252,1000,2103.13542
-9.083218,1000,2105.231996
22.888792,187,2105.547387
-12.95972,1000,2107.169139
27.547215,901,2109.123368
-6.355047,1000,2110.740791
22.454758,193,2111.053389
-10.087935,1000,2113.153333
-7.56772,1000,2123.431545
-7.086637,1000,2125.612829
-8.796973,1000,2127.217018
24.711966,282,2128.063113
20.60135,81,2128.195566
-8.830205,1000,2129.885345
-8.430514,1000,2131.88892
-11.921434,1000,2133.622652
20.325606,28,2133.668645
25.6169,994,2135.646922
22.004001,234,2136.053701
-9.74733,1000,2137.677938
20.815262,117,2137.862744
-5.00488,1000,2139.898754
-2.618416,1000,2151.488266
-9.674948,1000,2153.550616
25.274372,367,2154.156317
22.970662,209,2154.480455
19.596533,240,2154.855157
16.08064,499,2155.652076
-16.903469,315,2156.149167
-8.610491,1000,2158.173
15.656465,590,2159.065686
25.378437,160,2159.32269
-12.095146,1000,2161.352188
21.284532,54,2161.43781
18.25125,541,2162.324292
23.600675,266,2162.728079
-5.641848,1000,2164.76109
18.329343,219,2165.121925
22.810308,255,2165.52167
19.967892,811,2166.768656
21.942056,54,2166.847848
-3.360001,1000,2168.854244
-20.769265,412,2180.911195
-1.070486,1000,2182.961901
21.555107,183,2183.25978
-3.69837,1000,2184.89065
-17.484385,453,2185.598509
24.67311,704,2187.131336
27.937676,637,2188.184385
1.442231,1000,2189.748026
-3.669413,1000,2191.802827
-1.723742,1000,2193.425711
18.888412,210,2194.168655
-4.112106,1000,2195.811558
27.496976,475,2196.58603
-17.287995,257,2196.978935
24.870151,254,2197.766188
21.655823,243,2198.184113
-21.469219,589,2208.134506
-9.526693,1000,2209.817988
-19.457914,716,2211.463791
27.002996,300,2211.965381
3.900618,1000,2213.54111
-5.621635,1000,2215.658841
16.541532,793,2216.942526
-18.834481,687,2218.456882
-12.99497,1000,2220.090557
21.24482,366,2220.704442
24.682532,585,2222.0581
-14.712313,233,2222.465234
27.531679,464,2223.268534
-5.639009,1000,2224.906313
-4.631327,1000,2235.097316
-18.784651,421,2235.851455
-9.492278,1000,2237.940265
20.057665,488,2238.786708
24.932109,376,2239.407648
-24.282661,483,2240.202478
-4.915304,1000,2242.330028
18.526198,610,2243.34356
-1.988879,1000,2245.415017
19.675943,253,2245.854095
-6.34254,1000,2247.538643
26.169214,639,2248.588855
19.405741,265,2249.490295
23.108641,223,2249.885492
-20.231629,186,2250.209677
-25.28809,923,2251.766483
-6.970894,1000,2263.792379
20.6951,31,2263.844444
-8.581477,1000,2265.524919
26.078064,750,2267.201662
25.618513,206,2267.548719
26.380439,467,2268.354331
23.500437,347,2268.902251
-18.393817,470,2269.646447
22.94494,266,2270.081942
-26.311486,328,2271.076685
-5.410802,1000,2272.752174
21.45502,72,2272.866913
19.669801,91,2273.015941
19.770267,663,2274.07281
29.268365,506,2275.339652
-5.334588,1000,2276.981577
22.464987,160,2277.232556
23.173822,866,2279.064133
-3.910224,1000,2280.68185
-22.022838,382,2281.304708
25.453903,531,2295.88045
23.121971,139,2296.125177
-0.486772,1000,2297.718405
26.005307,336,2298.252879
-6.301977,1000,2300.278831
-4.926365,1000,2301.866221
-8.438392,1000,2303.914838
23.70835,280,2304.345906
20.028877,90,2304.482809
-18.24983,523,2305.31635
28.24432,385,2305.904094
24.308691,569,2307.256452
-10.153594,1000,2308.803206
26.669214,345,2309.35309
22.213774,90,2309.492198
24.505544,230,2310.250283
-11.855976,1000,2311.878488
25.674924,909,2324.394718
24.483404,580,2325.748194
27.262029,298,2326.231412
-15.222387,493,2327.018493
-9.55171,1000,2329.004853
17.909628,414,2329.699095
-1.015587,1000,2331.294189
-4.452852,1000,2333.309323
-6.924389,1000,2334.853816
26.325491,209,2335.192816
28.563796,419,2336.301029
-9.226343,1000,2337.90873
-9.720115,1000,2339.882718
-22.844811,872,2341.323633
-16.111867,161,2341.601874
21.751123,140,2341.832722
-9.468127,1000,2353.377984
-21.280206,169,2353.664209
24.426542,658,2354.738216
-20.374438,194,2355.046479
27.835937,263,2355.450954
-10.111695,1000,2357.551813
13.431975,711,2358.715863
-3.29672,1000,2360.734272
2.604039,1000,2362.408901
27.194766,398,2363.032406
23.247328,338,2363.600217
-18.018777,268,2364.467848
-26.095494,746,2365.723958
23.857921,657,2366.787048
5.802287,1000,2368.854017
28.75855,549,2369.945239
23.623819,154,2379.834099
32.317622,464,2380.651451
25.455583,267,2381.121809
-9.494762,1000,2383.229731
-1.948993,1000,2384.806324
-29.818748,413,2385.99731
22.514658,451,2386.840282
-15.514818,1000,2388.464106
28.85434,642,2389.919635
20.539174,713,2391.104267
21.692049,834,2392.446707
24.535832,139,2392.659266
23.547298,520,2393.986157
32.621077,927,2395.473657
21.232853,43,2395.540657
20.61834,102,2395.701995
-23.089977,271,2396.160132
29.249928,463,2397.330216
21.095743,54,2397.420983
-10.118317,1000,2408.479588
24.273316,164,2408.765114
-11.500359,1000,2410.793374
-10.863308,1000,2412.428917
-12.967427,1000,2414.437747
22.890041,200,2414.764178
-20.511506,368,2415.385271
-5.717286,1000,2416.937914
27.593366,350,2417.925468
20.783674,524,2418.784392
15.885553,965,2420.30608
-16.129716,159,2420.572536
-20.03864,118,2420.761067
29.937378,330,2421.719173
24.022441,341,2422.296614
21.59994,157,2422.538118
25.319418,536,2423.35356
-17.622045,156,2423.610661
28.489782,857,2425.361648
25.933116,795,2432.380306
21.456584,293,2432.876411
20.791807,32,2432.930877
-15.51278,181,2433.240316
-14.846289,378,2433.835262
-18.162805,1000,2435.830927
26.483584,376,2436.418808
31.323291,582,2437.334743
-0.204051,1000,2439.348733
24.650543,200,2439.646586
26.249629,375,2440.239985
-16.977478,291,2440.679656
30.415392,456,2441.779304
19.745282,733,2442.964249
29.630695,705,2444.058273
24.794566,888,2445.833177
-4.622777,1000,2447.459501
21.585058,516,2448.284472
-11.470511,1000,2455.022964
-8.986337,1000,2456.64598
-7.791088,1000,2458.701005
25.507572,276,2459.127483
27.937334,300,2459.57882
20.543573,270,2459.997336
-0.897209,1000,2462.062846
24.182642,172,2462.341129
31.72968,527,2463.189551
21.344655,138,2463.405433
-18.955312,217,2463.748369
27.780623,683,2465.29902
23.538438,228,2465.694647
-10.886162,1000,2467.309416
29.898255,578,2468.617932
26.041392,254,2469.043685
-16.67878,545,2469.940949
21.319526,44,2470.006495
25.157428,646,2471.044561
31.628897,420,2471.720473
28.938609,732,2480.697588
22.451246,768,2481.991271
-23.038119,113,2482.173615
27.136502,294,2482.657044
22.92405,117,2482.850745
-10.166695,1000,2484.936232
31.237342,413,2485.606976
27.636241,430,2486.295394
24.017391,172,2486.57549
20.668221,840,2488.415313
26.590502,459,2489.162909
21.795987,368,2489.734049
30.376453,582,2491.075832
27.683431,310,2491.615434
-13.975191,231,2492.010806
34.442845,656,2493.136697
-17.032513,484,2493.991179
21.220604,62,2494.095687
34.849542,789,2495.858726
-6.319899,1000,2497.535726
-3.843897,1000,2507.99465
21.499553,51,2508.085415
24.101784,166,2508.377278
-13.343276,263,2508.824523
-8.121376,1000,2510.45717
-16.366007,427,2511.6274
11.002724,1000,2513.333725
26.234987,670,2514.48515
24.144913,276,2515.387858
27.123406,520,2516.292867
25.405414,194,2516.622641
25.540902,236,2517.010276
25.366771,182,2517.325421
24.030947,528,2518.206881
28.0707,363,2519.222827
12.746112,852,2520.686693
-0.216502,1000,2522.358256
25.838391,308,2523.298867
15.867933,721,2524.535477
-23.656459,580,2525.464466
1.847958,1000,2533.460718
26.632798,488,2534.263295
28.111947,439,2534.979861
23.000232,93,2535.12987
25.746384,277,2535.578013
-16.181253,179,2535.860708
25.586204,280,2536.762856
19.817135,517,2537.630542
-16.778534,523,2538.480087
9.575343,1000,2540.488111
30.645592,420,2541.203636
25.643047,770,2542.44094
17.437375,851,2544.233197
23.756496,484,2545.053177
21.923044,183,2545.355074
21.559462,153,2545.597938
30.67909,920,2547.062091
-10.368001,1000,2549.124063
23.427858,518,2549.945751
-10.823927,332,2557.985583
35.303074,646,2559.480659
28.66267,626,2560.485734
24.41313,282,2560.929641
23.161686,662,2561.952955
25.602225,237,2562.751378
20.262998,102,2562.922759
29.623572,545,2563.825037
25.257519,753,2565.012235
22.142908,552,2566.248673
23.519493,688,2567.421977
20.465064,525,2568.247067
24.23012,203,2568.576205
12.789025,939,2570.525789
-14.070669,288,2571.012385
21.764655,727,2572.165569
31.823514,798,2573.821982
21.293221,45,2573.897415
26.333986,799,2575.195456
27.510781,380,2584.937455
29.743548,768,2586.68814
21.398408,406,2587.390887
30.46021,551,2588.246832
27.538972,347,2588.79316
-12.04764,1000,2590.764825
30.497269,437,2591.513746
21.20575,41,2591.579948
28.853837,451,2592.330572
-11.979777,1000,2594.304361
2.225774,1000,2595.945777
28.767338,461,2596.712876
32.919018,898,2598.5814
21.532302,474,2599.360582
-10.846856,1000,2600.923483
28.41015,593,2602.32889
24.065716,413,2602.968696
19.502946,150,2612.921276
-17.473463,528,2613.842287
-4.855472,1000,2615.952005
23.434141,179,2616.246461
29.883367,295,2616.717465
-20.075504,90,2616.866938
-10.88855,1000,2619.06948
25.846118,801,2620.419914
34.434472,642,2621.428986
25.47689,511,2622.630898
26.944064,454,2623.397096
32.309853,560,2624.292067
27.366964,385,2624.882124
22.046848,131,2625.082123
-16.892991,263,2625.508008
28.015008,343,2626.477887
21.412672,139,2626.717625
26.844339,755,2627.991088
-0.578708,1000,2629.644352
33.10371,602,2631.11564
19.420841,490,2639.048569
-1.839787,1000,2640.750127
26.434867,913,2642.727657
28.832588,415,2643.423681
21.671629,944,2645.397866
26.61253,332,2645.978402
30.36329,514,2646.837433
30.17272,582,2647.855879
25.385943,177,2648.138675
29.262714,455,2649.323799
22.587448,133,2649.556013
-11.8797,1000,2651.226182
25.398952,251,2651.650037
24.473791,207,2651.991763
29.095903,443,2653.186747
27.912686,697,2654.376647
-2.027004,1000,2656.035927
23.959006,209,2656.783143
24.314081,184,2657.117127
-13.435866,1000,2667.72328
20.103829,137,2667.952905
34.438465,581,2668.887251
24.11127,206,2669.630337
20.324821,852,2671.052491
24.02922,127,2671.257556
-10.885816,1000,2673.278812
22.477029,861,2674.705722
25.361863,186,2674.998659
26.746716,799,2676.264588
-22.282625,79,2676.391007
-6.505125,1000,2678.580396
-13.107335,1000,2680.919177
19.811391,751,2682.996804
26.779005,665,2684.147573
27.762127,503,2684.96299
24.751781,224,2685.33277
-21.158417,199,2686.112214
25.22992,258,2694.269328
22.806964,399,2695.003535
-18.507782,106,2695.199132
24.811288,240,2695.65401
0.037971,1000,2697.798548
28.05633,444,2698.610224
25.323627,491,2699.454566
20.917077,726,2700.622624
26.830504,649,2702.215922
26.343459,245,2702.648782
28.706411,282,2703.145197
28.043582,577,2704.100241
21.869257,65,2704.206723
22.102491,132,2704.423404
24.976039,208,2704.759727
21.597262,996,2706.895957
21.548303,448,2707.674726
22.876283,209,2708.033658
-7.077756,1000,2710.152472
20.07322,788,2711.496288
31.922609,635,2712.605853
-26.191865,499,2721.41411
-22.234623,446,2722.250282
-30.375517,294,2722.78186
25.335771,560,2723.720062
-18.676315,116,2723.914399
33.765099,757,2725.635035
25.94712,344,2726.201429
15.159807,772,2727.526105
25.336658,927,2729.570116
24.232735,153,2729.826896
27.048606,784,2731.052391
33.338181,561,2731.988329
24.984343,595,2733.572306
25.740204,930,2735.195884
30.034096,659,2736.786553
20.763324,25,2736.831766
34.246363,746,2738.199291
25.740968,312,2738.732616
28.771492,265,2739.180832
25.427441,882,2747.949367
25.907665,835,2749.47369
29.600719,406,2750.179878
35.240301,776,2751.988109
23.071127,192,2752.352268
26.601724,315,2752.920127
24.6533,173,2753.254899
-11.04825,1000,2754.982927
25.590839,599,2756.522237
30.752411,309,2757.061529
20.737785,169,2757.392095
25.13497,210,2757.758313
30.806089,459,2758.547487
20.761597,111,2758.732713
31.101451,782,2760.517555
26.736856,303,2761.023451
22.328755,537,2761.957265
31.404088,427,2762.722507
22.485716,134,2762.958646
-16.906523,521,2764.409552
25.874154,260,2764.884282
26.431032,327,2765.456576
-20.315117,694,2766.69234
-28.312195,275,2770.190082
-21.17315,312,2771.231771
-17.337379,526,2772.222311
31.003938,629,2773.362184
-23.287074,563,2774.358029
25.908809,708,2776.101455
-0.074442,1000,2777.869917
30.306532,761,2779.632767
-21.251427,385,2780.342735
7.424493,1000,2782.078906
31.866433,469,2783.325707
20.746456,433,2784.167856
29.730473,552,2785.096248
-13.978584,702,2786.317189
-20.053559,1000,2788.563193
18.070844,728,2789.78345
-24.785338,682,2800.183625
33.530157,881,2801.760494
-14.674765,483,2802.585772
-20.737936,148,2802.84426
22.37156,815,2804.705935
-25.798198,474,2805.553155
-24.148635,636,2806.637647
-24.502342,134,2806.914925
24.063122,147,2807.198746
-20.877863,482,2808.505371
1.698208,1000,2810.300785
22.475675,82,2810.444014
25.667769,340,2811.017073
33.967096,568,2812.424732
-30.935487,366,2813.086824
-19.646823,179,2813.391331
18.371491,465,2814.164264
21.635873,112,2814.357887
25.604762,347,2814.986244
21.515065,129,2815.200394
19.514749,198,2815.530623
-12.104178,1000,2817.689913
-22.487783,840,2826.690702
20.728439,145,2826.94625
31.627847,464,2828.214761
26.807978,290,2828.720885
21.966122,280,2829.207433
-29.367028,932,2830.748635
27.811304,382,2831.818856
21.655269,63,2831.934144
-14.280982,1000,2833.706443
-29.55446,829,2835.052498
23.937035,448,2836.266941
29.796198,460,2837.067098
19.342783,275,2837.560734
22.285444,77,2837.690288
-1.858552,1000,2839.839957
23.206368,105,2840.020619
-18.940978,301,2840.569838
-20.081058,283,2841.035731
26.497046,757,2842.309234
27.723577,272,2842.807716
-19.750913,288,2843.811038
22.310238,104,2844.012077
-23.599139,1000,2852.552319
31.363627,392,2853.303435
-20.497659,40,2853.379675
-31.830208,817,2855.305445
-29.133529,563,2856.307801
25.46871,194,2856.639346
34.248177,501,2857.487407
15.371873,689,2859.17251
30.499854,905,2860.751803
-2.264034,1000,2862.887048
20.020605,156,2863.176442
26.541028,538,2864.118675
20.934796,49,2864.223287
29.216883,605,2865.240832
27.141313,294,2865.72773
-8.507006,1000,2867.939965
29.901792,510,2868.867408
31.230738,512,2869.732887
29.825219,421,2870.941177
-21.103825,403,2871.7121
27.552519,317,2878.257546
23.571419,641,2879.434511
26.95519,290,2879.912217
26.321096,261,2880.318508
21.181654,109,2880.898394
21.803706,134,2881.118716
26.2215,848,2882.651213
-30.416661,290,2883.178129
29.473441,291,2883.70307
-4.395502,1000,2886.012749
-20.202505,214,2886.392175
20.585645,279,2886.897832
26.949215,324,2887.479301
23.53661,803,2889.389359
24.350339,182,2889.718861
25.51786,182,2890.04666
-13.112323,1000,2891.839721
29.120104,502,2892.732233
21.950171,133,2893.419577
25.770156,641,2894.562307
35.112176,563,2895.561772
28.162877,436,2896.307406
27.742653,356,2897.41398
21.590441,272,2897.945618
-20.770278,111,2898.156012
27.966832,285,2907.690028
-7.414346,377,2908.444701
-17.025886,121,2908.664479
27.291154,227,2909.064941
28.163623,419,2909.806738
22.543008,96,2909.975106
28.899645,350,2910.977525
27.018444,809,2912.464895
25.31906,481,2913.35988
20.798178,35,2913.428562
33.82968,424,2914.232807
28.06377,277,2915.223447
33.559383,463,2916.07001
32.916152,466,2916.898103
27.891167,338,2917.474679
20.453963,930,2919.616776
30.43718,687,2920.925101
29.334301,294,2921.435726
35.379055,795,2923.312299
21.093905,33,2923.372315
25.414314,215,2923.766278
33.641003,478,2924.646585
28.963756,799,2926.033281
21.911546,79,2926.176633
30.384523,976,2936.773278
34.265109,548,2937.753267
21.300565,54,2937.848
24.003319,324,2938.456702
12.423773,958,2940.515616
29.56147,472,2941.279587
22.947039,153,2941.544007
-13.506445,307,2942.06971
28.431746,408,2942.806331
24.659001,151,2943.102588
29.077036,394,2944.409797
21.241158,999,2946.303824
29.029002,361,2946.965134
-11.063004,418,2948.182549
31.88777,358,2948.84483
-24.166828,322,2949.417939
-9.568182,1000,2951.126853
29.041502,397,2952.248048
26.231195,314,2952.85857
25.931965,271,2953.332062
26.426432,641,2954.41416
18.993973,800,2963.441407
22.974995,189,2963.789009
26.276444,339,2964.394435
28.709461,861,2965.830734
26.562038,228,2966.214026
24.476753,438,2967.399502
29.400062,345,2968.015813
23.6773,170,2968.31187
15.831025,853,2969.750541
17.596799,459,2970.459699
30.785231,397,2971.521593
25.736574,600,2972.522605
26.885708,472,2973.371897
14.092548,759,2975.045387
35.958904,978,2976.74439
23.59222,836,2978.122343
25.573289,462,2979.290335
21.09838,518,2980.224392
24.873966,192,2980.529577
25.861981,692,2981.642962
32.104632,432,2992.617862
24.335907,239,2993.063066
-16.366144,172,2993.370915
18.666933,405,2994.061327
-17.719789,353,2994.647996
26.586928,590,2995.639259
24.083487,821,2997.530265
23.883766,231,2997.948449
29.512814,469,2998.75081
27.579342,590,2999.740082
28.253145,252,3000.527915
22.825602,475,3001.308536
30.518502,863,3002.800594
29.034737,732,3004.53156
-11.242654,322,3005.100911
26.68387,241,3005.511566
-32.227938,314,3006.063071
25.250781,189,3006.39633
17.418642,736,3007.607781
34.612894,481,3008.93295
25.37914,206,3009.293303
22.622097,489,3010.115522
-25.7889,665,3019.769961
23.774648,794,3021.678254
-0.879299,1000,3023.433167
-16.035712,578,3024.416879
35.064702,625,3026.007861
23.340673,135,3026.232986
28.319607,348,3026.844018
-18.368871,290,3027.330583
31.133272,427,3028.174788
26.527842,641,3029.757471
21.164474,36,3029.819564
-17.603667,491,3030.620068
20.906622,53,3030.704405
28.756278,310,3031.216973
21.883625,816,3033.100651
20.752315,514,3034.083197
-11.008646,1000,3035.863786
-29.43814,545,3037.2705
23.257783,166,3037.571315
-26.949473,387,3038.274556
25.273092,174,3038.586073
-19.860205,234,3038.987752
30.260665,421,3046.031037
-25.52656,539,3047.006762
26.386372,210,3047.891776
28.168908,370,3048.577187
22.585152,125,3048.791429
31.410101,403,3049.515404
19.060793,864,3050.950737
34.161987,520,3052.360789
24.646271,276,3052.843553
-29.014074,273,3053.314707
-18.417265,309,3053.904808
-21.367771,127,3054.118673
-23.073956,758,3055.842238
-26.29538,832,3057.307498
28.10391,325,3057.881031
25.677119,357,3058.525297
-28.298282,425,3059.224047
-23.517084,206,3060.010705
-20.49499,452,3060.78861
34.644744,579,3061.759869
22.534602,158,3062.048541
28.834788,367,3062.693803
-26.231518,543,3064.086676
-14.051185,351,3064.726119
32.43835,512,3070.425427
24.778627,186,3070.749726
-30.599222,444,3071.546508
-16.280778,153,3071.852226
29.075554,337,3072.889909
30.369564,489,3073.784644
20.989071,37,3073.846555
-15.337158,413,3074.544266
37.77449,691,3075.697298
23.906467,275,3076.59749
-16.405139,167,3076.900009
30.873028,678,3078.101778
21.887405,475,3078.890406
25.580959,195,3079.205154
31.555418,367,3079.809597
25.948886,224,3080.631593
15.482797,963,3082.293706
23.754381,146,3082.542168
19.549136,380,3083.176997
24.37283,246,3083.577604
-22.734873,247,3084.004025
-19.249694,461,3085.254977
23.371962,157,3085.520879
25.177194,220,3085.876435
22.748217,848,3087.293316
-23.190022,261,3087.716101
-16.445694,218,3088.591433
22.960942,143,3088.845575
25.951458,372,3089.47497
32.019921,680,3096.745326
26.589177,203,3097.103918
26.436638,258,3097.544258
25.243525,964,3099.615323
-27.727197,549,3100.506289
-7.985322,1000,3102.588097
32.710239,597,3103.637043
-27.123714,687,3104.771888
21.265091,131,3104.991264
-13.080414,558,3106.313198
23.490216,180,3106.621848
28.170851,520,3107.524253
27.862098,261,3107.948379
25.481008,232,3108.376839
21.344032,85,3108.519834
21.889066,358,3109.125598
-32.118016,818,3110.931044
24.290615,470,3111.711367
32.020048,503,3112.582878
-24.164623,749,3114.291447
34.145574,682,3121.195138
-13.799295,465,3122.046642
17.470552,427,3122.787699
25.248414,246,3123.218607
