#{"t_start": 1791283168.0925035, "env_id": "None"}
r,l,t
21.212421,117,0.962749
-21.631488,89,1.100683
-20.101315,709,2.167963
24.081991,608,3.199366
-19.055368,343,3.76755
-21.433187,76,3.90008
20.076829,92,4.035914
25.130849,327,4.949788
-19.208993,34,5.002067
22.641579,151,5.222456
22.202905,943,6.672282
-19.452704,78,6.814436
19.406396,1285,9.306396
23.971133,285,9.818254
21.763727,89,9.983731
-21.171746,34,10.044946
24.5931,263,10.581523
-19.388305,2000,15.031629
-19.318309,2000,19.065789
22.174029,107,19.245042
19.902339,1431,31.496012
22.676055,429,32.162708
22.131091,208,32.474907
-21.045657,55,32.570615
25.441061,282,32.993568
23.163782,773,34.607229
-18.88964,95,34.741581
-30.477164,1724,38.129998
25.105649,1284,40.240503
-21.261585,2000,44.061602
23.796376,240,44.461205
24.739016,1569,47.848049
23.127836,521,52.545478
-21.954365,934,54.340858
-10.63191,2000,57.776019
-20.236374,30,57.834568
-19.182805,558,58.719999
-26.08538,1054,60.704509
18.045539,1877,63.954396
-16.35651,2000,67.391965
22.414698,455,68.098851
-20.380505,742,69.250681
-21.210657,1486,80.77065
20.672399,1136,82.546459
20.846065,46,82.613264
-20.948526,206,82.920834
20.717611,95,83.435504
-11.203105,2000,86.874158
20.025941,92,87.01071
23.703241,234,87.356061
23.019039,208,87.660837
-19.669657,1216,89.551534
21.668444,329,90.426236
-10.589265,2000,93.874858
26.640222,930,95.330364
20.931761,105,95.489952
24.481602,243,103.981712
18.297596,1425,106.614444
20.61632,122,106.802603
-22.798071,122,107.00312
25.69225,330,107.517389
22.630203,142,107.751162
19.272248,1178,110.004486
19.857862,97,110.15621
-19.593355,731,111.293501
24.595812,523,112.137426
-21.382302,99,112.296022
-23.073058,1149,114.539275
20.292832,225,114.914324
-18.430128,204,115.249227
25.399996,1113,117.438001
-16.050603,2000,120.970762
-11.828422,2000,132.478099
25.578933,1089,134.206544
24.781944,340,134.729982
22.084959,1362,137.308804
20.705875,88,137.444747
-24.186874,806,139.135397
25.747453,362,139.697232
-19.658447,777,140.938077
-20.284541,22,140.971626
-19.314031,747,142.157986
25.13792,1353,144.731953
-14.115209,466,145.463469
28.746912,707,147.003993
30.711732,821,161.207667
30.991385,918,163.272705
29.447172,958,164.874486
23.630536,129,165.10321
19.862507,1238,168.474136
22.724197,401,169.797056
21.341857,358,170.746047
26.780425,280,171.506747
22.61711,138,171.862654
24.198202,214,172.315047
24.651763,160,172.626252
20.3186,132,173.407903
22.316593,75,173.546722
21.142281,223,174.019572
29.3626,485,175.099857
-19.788111,1325,178.398321
23.516305,219,178.767455
-20.25297,35,178.82368
24.130001,301,179.350742
26.082324,496,180.187782
27.122229,579,181.199387
22.10876,84,181.339929
30.693861,646,195.341562
-16.084065,298,195.880074
-21.334352,404,196.550813
20.926535,99,196.726155
23.389747,263,197.172731
28.24945,738,199.053651
-18.852054,649,200.414967
24.019591,260,201.284255
21.787574,78,201.474168
27.388768,349,202.214968
19.409854,1112,204.621656
27.418819,333,205.229618
27.31585,824,206.761877
23.791627,249,207.234401
31.911793,877,209.289751
-21.526794,58,209.399904
31.060097,876,211.596776
-11.741795,2000,215.887192
20.411606,46,215.964407
-18.584307,1096,228.503909
27.892704,410,229.298012
26.041566,923,231.410296
31.447708,607,232.485534
30.230944,531,233.442917
21.09432,89,233.62476
-23.012061,99,233.830749
26.481029,354,234.46025
22.586403,162,234.730671
25.787552,385,235.826846
-18.167321,404,236.606412
25.015709,543,237.882657
27.135173,654,239.069436
-18.635628,137,239.309399
24.794211,1402,242.349181
25.052683,302,242.876976
23.33614,202,243.267146
24.516375,168,243.566161
24.81105,326,244.547669
27.47197,330,245.107989
26.040291,482,245.910465
19.324269,714,247.105941
24.656422,471,256.331986
-23.075529,573,257.311534
-30.976222,1776,260.880659
20.018872,197,261.203418
-24.361746,647,262.330914
22.26192,90,262.483312
23.054046,133,262.705463
29.123292,621,264.213533
21.283902,220,264.587967
11.35959,1851,268.208283
-20.861047,53,268.325293
-4.784633,2000,272.286429
28.785778,777,273.955991
22.292562,1453,285.341585
23.495756,210,285.696461
22.742004,333,286.263579
24.866771,316,286.780673
25.290425,649,287.844639
29.640002,516,289.121074
28.725856,661,290.263413
23.371972,494,291.123505
15.185171,1702,294.496848
31.889234,813,295.8251
23.394963,287,296.741281
22.306464,145,296.976817
29.390332,494,297.812904
21.348768,233,298.18401
32.267298,686,299.325306
22.271101,166,299.599884
31.511892,752,301.297054
29.189617,593,302.251257
34.344216,1116,309.777257
22.152182,243,310.186757
25.964935,310,310.692384
25.800773,234,311.093008
29.37528,679,312.220424
-15.486327,521,313.551177
-18.200362,593,314.547764
23.945643,179,314.845675
24.894053,428,315.565857
22.175239,139,315.807518
30.670353,753,317.536847
-19.816795,169,317.813891
24.919765,936,319.43706
30.056162,428,320.170239
20.811199,129,320.39762
-21.120985,70,320.513759
22.301884,113,321.149492
22.321267,74,321.27755
-17.487508,314,321.855885
-20.716919,460,322.668887
20.87605,69,322.785509
22.195886,76,322.916475
23.268879,226,323.293267
-15.052825,265,323.741221
24.794835,299,324.245571
20.315203,90,324.404134
26.045566,303,325.459345
23.357476,252,325.907277
21.856789,267,326.447439
29.066875,864,338.768872
22.813603,160,339.064354
-22.605709,681,340.988108
20.724341,21,341.033515
21.425969,181,341.378659
21.029304,291,342.004721
29.497153,909,343.940259
32.447345,675,345.666768
23.543778,170,345.959479
31.1344,652,347.109281
34.506799,906,349.254079
-18.880632,214,349.63407
26.303569,326,350.275037
27.61308,278,350.810517
34.226918,587,351.902576
24.755123,286,352.395302
20.700534,1228,354.871376
25.43472,278,355.352131
31.957601,805,356.713272
24.628272,217,357.53674
26.615984,269,357.974876
22.371865,1003,366.9132
21.336792,123,367.116328
-19.770667,731,368.742242
30.657649,509,369.559735
-18.754683,53,369.644772
25.673516,1613,372.739798
22.42004,189,373.044684
26.714799,333,373.592447
25.693601,539,374.467624
-14.332491,1003,376.540241
-16.244058,162,376.850461
32.348865,573,377.788689
27.197867,300,378.278864
21.728829,111,378.45908
-33.836322,1929,382.086468
-14.399422,292,382.566518
19.523061,187,382.885762
-19.975817,229,383.813508
27.10168,396,384.477504
-15.56607,197,384.800249
27.433922,347,392.535373
20.667532,59,392.636445
26.312046,282,393.134578
25.598958,508,394.055015
22.173679,166,394.815038
25.958988,315,395.398466
28.470498,409,396.127285
-18.415765,765,397.509484
-9.721563,2000,401.532434
24.953734,215,401.938681
23.11567,94,402.111469
-16.040843,180,402.417758
24.362351,445,403.697847
29.108404,712,405.004404
30.080338,797,406.788129
26.187794,203,408.326612
29.778526,441,409.147918
-14.543604,277,409.679589
20.429487,50,409.76789
-19.206235,45,409.853636
20.262264,46,409.943628
-15.464504,671,411.184834
-19.433742,2000,421.107879
31.9466,995,423.222218
22.563906,113,423.410211
35.468608,860,424.903539
19.524136,116,425.100229
28.547325,716,426.738151
19.909919,244,427.145781
23.504803,1048,428.907986
23.367966,618,430.350993
22.672805,182,430.653193
29.129389,617,431.673774
33.488239,743,432.935899
25.138769,201,433.295291
-10.617673,973,435.495132
25.500305,283,435.957334
22.886161,311,436.487771
22.900059,192,436.805448
21.123092,42,436.874213
-14.779248,375,437.528977
20.69706,26,437.573977
24.276589,166,438.274438
-20.329544,210,445.176867
-20.759424,50,445.261979
32.229607,618,446.302449
25.523383,287,446.795081
27.806546,324,447.330893
27.576192,419,448.068495
28.518486,640,449.576249
30.722588,400,450.256713
-18.409895,361,450.889382
-18.205966,166,451.168372
20.711202,30,451.218261
28.305579,644,452.754788
20.161403,60,452.865971
25.6178,214,453.229768
21.835378,230,453.604956
22.902847,305,454.107583
-20.344403,892,455.622074
24.151471,290,456.514305
20.468834,18,456.544198
26.956205,365,457.191388
27.341698,571,458.139868
-12.170632,396,458.798661
26.520947,331,459.38908
27.036061,692,460.984592
23.046269,223,461.399551
29.833001,570,462.385676
-12.929898,454,463.365921
-16.517244,300,464.051429
30.539794,528,472.132177
-17.978744,382,472.770869
-19.787152,180,473.08087
27.154486,580,474.078904
-13.232938,531,475.384276
30.225197,437,476.138471
27.810085,356,476.757876
23.201873,132,476.976885
-14.291362,601,478.019326
22.256662,285,478.522095
26.981645,455,479.91198
-20.071463,314,480.552326
-18.012441,125,480.823659
-18.602899,364,481.702793
26.621248,566,483.041787
29.005378,392,484.125468
26.734914,417,485.420282
17.580644,708,486.665048
29.432816,551,487.668509
24.94812,1528,491.148926
25.052626,316,491.722579
24.977561,672,498.333444
-15.318262,633,499.415805
21.210421,138,499.650038
27.06391,329,500.230311
19.780704,1504,503.385819
20.430875,98,503.557106
35.398848,898,505.109315
21.432622,160,505.367041
28.63792,330,506.334461
32.590048,766,507.65887
28.219275,419,508.341966
31.893969,565,509.33398
28.012895,382,510.501677
24.523193,513,511.406486
25.30748,241,511.814862
24.289331,149,512.078054
-19.795094,274,512.550369
30.442418,595,513.804715
22.496001,289,514.816597
20.205195,254,515.323235
34.103179,539,516.26477
-12.465936,2000,526.469839
22.309565,149,526.727774
26.061985,1154,529.063672
-11.003937,386,529.702889
21.746081,171,529.991311
29.065338,586,530.989067
-11.391061,2000,534.74771
20.580801,386,535.421948
-33.090299,1713,538.709181
23.221168,183,539.073364
32.164204,1032,541.245211
30.815319,569,542.201737
-23.315324,215,542.545389
24.277316,246,550.573539
18.591915,299,551.125041
-19.465782,101,551.315263
-17.197994,908,553.46977
35.541301,995,555.568031
23.446037,134,555.832381
23.317807,141,556.119012
24.248248,203,557.038943
-19.17027,353,557.681865
24.20028,546,558.818491
28.658175,403,559.633065
34.983184,684,561.729486
21.517506,80,561.901023
30.337649,581,563.322795
24.089459,191,563.742185
21.984258,76,563.910363
-17.723516,216,564.412576
30.204192,572,565.637269
24.809573,372,566.948332
23.730288,282,567.457681
33.192673,784,568.968298
32.520642,709,570.260722
22.544109,220,571.185077
31.080179,491,572.111713
-19.295052,1149,585.207148
-10.939117,2000,589.194849
25.057674,571,590.594177
-17.93711,98,590.760221
-7.364779,2000,594.53645
-19.582675,164,594.804201
20.817563,29,594.85084
21.596737,74,594.982365
28.455398,750,596.2709
25.650902,1287,598.864477
21.750363,262,599.314378
30.636861,822,601.111736
21.530041,69,601.259224
20.038241,94,601.435002
23.520792,191,601.807799
19.631071,1630,615.274697
20.918439,237,615.712067
24.667602,172,616.010378
-25.003479,870,618.001043
33.660876,1034,619.902355
-19.560067,65,620.015101
24.009271,145,620.27299
23.05008,538,621.615298
26.855522,310,622.178978
22.726428,328,622.721224
31.973104,446,623.446745
24.936734,711,625.114584
27.33958,812,626.51985
21.037638,62,626.623251
33.32875,950,628.653819
24.597243,155,628.90717
31.609552,701,630.081422
23.925165,164,630.373342
33.409243,830,631.77868
-17.16217,116,631.97493
29.208553,876,642.280784
21.888155,331,642.82918
-11.387553,370,643.46427
-18.163867,135,643.696026
30.106498,341,644.257163
33.618475,531,645.569375
25.615847,208,645.924237
21.278977,115,646.116302
31.848257,426,646.849248
25.545273,322,647.37668
33.074609,666,648.925554
30.615535,708,650.092719
15.256832,1111,651.971699
31.72695,767,653.680014
29.019106,327,654.23373
29.977383,353,654.82833
31.242303,425,655.506707
24.926235,170,655.78073
26.813776,792,657.520061
20.445609,67,657.625497
35.633001,824,658.994507
23.288578,116,659.183618
27.986446,297,659.659825
28.504644,357,660.660578
27.63859,395,666.192976
32.597011,434,666.916915
30.467262,429,667.64755
21.153418,44,667.726651
-7.199828,2000,671.530505
23.184728,217,671.912941
28.894452,299,672.837808
23.321513,116,673.026415
24.894699,394,673.748428
22.473816,946,675.531165
30.991389,557,676.921183
19.593994,280,677.421223
32.737348,506,678.300239
24.366959,287,678.763302
21.303895,217,679.113467
30.442935,498,679.945193
-17.027865,121,680.152344
-16.046137,2000,683.857198
30.561472,482,690.19846
26.779579,672,691.318286
28.58632,436,692.051574
33.366946,863,694.217292
31.544432,584,695.37859
28.418923,1308,698.882179
29.907341,341,699.503643
30.202281,424,700.538275
22.015216,202,700.949881
30.300115,348,701.57632
21.565755,112,701.786767
27.441582,397,702.5336
30.466302,478,703.76664
-19.998816,118,704.003417
-12.111709,433,704.793306
-20.336873,318,705.343666
25.633906,260,705.774269
-20.300621,66,705.893019
27.331887,426,706.782416
27.350517,776,708.704413
-21.241293,602,709.802394
28.735171,305,710.442002
24.519161,193,710.803137
31.276559,390,717.655767
26.763907,258,718.091521
39.168851,712,719.327675
25.173718,342,719.901304
22.061987,290,720.384997
20.357267,1021,722.656809
-19.762125,148,722.922264
31.984717,417,723.654608
23.629399,148,723.90071
20.019015,668,725.486559
25.400345,178,725.825218
24.466732,258,726.29026
29.101106,549,727.251858
-14.471422,277,727.724482
19.532656,146,727.988633
20.776722,51,728.075973
29.086327,417,728.797289
20.599909,73,728.926993
26.602606,434,730.122101
23.61753,230,730.514412
22.156214,96,730.679106
33.426048,469,731.527289
22.272909,884,733.68868
-21.419195,72,733.84383
22.557064,256,734.343236
29.77954,593,735.379905
25.199682,169,735.683996
29.213952,318,736.325503
-19.218438,47,736.433252
29.470293,420,741.431955
21.113476,100,741.728061
31.606325,459,743.124667
23.608235,1138,745.632912
-10.019172,360,746.478471
-20.316697,519,748.27393
27.262496,335,749.007862
22.138715,75,749.243315
33.508297,523,750.469617
19.671923,225,750.87992
33.96524,539,752.429542
25.64451,326,753.019387
29.58606,416,753.790529
30.289103,656,754.899149
22.505693,377,755.528734
31.668386,437,756.737331
17.230203,1533,759.350525
26.823891,381,760.442458
26.186245,499,761.305398
24.971208,189,761.614595
26.134168,246,762.058498
21.816574,229,762.494636
24.472471,273,769.564726
25.91588,282,770.050462
22.092972,90,770.203962
-19.059762,78,770.347781
32.187539,403,771.512119
-16.207125,497,772.40745
25.173314,278,772.941823
-6.091746,444,773.767228
25.128166,232,774.235699
20.407667,156,774.571279
36.668999,593,776.156301
28.534242,276,776.625697
-20.160498,565,777.609889
31.221962,380,778.403862
-16.492659,243,778.860316
24.200313,744,780.706749
27.903599,695,782.091675
-28.085081,1050,784.521242
23.853086,124,784.770286
-16.749293,409,785.540409
28.223165,430,786.394505
21.124633,216,786.796191
-17.196234,405,787.501751
21.550145,65,787.616016
23.030038,115,788.240203
26.578483,420,789.057858
21.092948,43,789.138416
24.347269,339,789.805605
-15.681551,606,797.826938
-17.655145,196,798.197708
-17.068979,120,798.430791
31.071214,651,800.215721
-18.259819,75,800.3514
24.625552,425,801.117277
23.270296,215,801.502377
22.064077,405,802.253181
-16.705795,125,802.484409
31.864437,595,804.104517
24.70581,323,804.701716
-10.179316,475,805.669254
26.280053,371,806.451716
34.217794,533,807.426738
-18.8638,449,808.920252
27.770076,388,809.754699
29.907578,311,810.538516
25.526214,394,811.420187
-13.549808,2000,815.798676
-7.264963,560,816.748925
21.5896,218,817.532441
-19.469502,99,817.699168
25.158475,191,818.007278
22.755206,97,818.167717
30.815333,704,823.129777
29.612173,805,824.537271
